attribute,n_classes,baseline,degenerate,model,acc,bal_acc,advantage,dataset,arm,synth,secs
Biopsy,2,0.9353,False,logreg,0.9365,0.5093,0.0012,cervical,base,rtvae,43.7
Biopsy,2,0.9353,False,rf,0.9353,0.5,0.0,cervical,base,rtvae,43.7
STDs:HIV,2,0.9784,False,logreg,0.9784,0.5,0.0,cervical,base,rtvae,43.7
STDs:HIV,2,0.9784,False,rf,0.9784,0.5,0.0,cervical,base,rtvae,43.7
Biopsy,2,0.9353,False,logreg,0.9509,0.7324,0.0156,cervical,base,ddpm,35.5
Biopsy,2,0.9353,False,rf,0.9437,0.6769,0.0084,cervical,base,ddpm,35.5
STDs:HIV,2,0.9784,False,logreg,0.9808,0.5556,0.0024,cervical,base,ddpm,35.5
STDs:HIV,2,0.9784,False,rf,0.9784,0.5,0.0,cervical,base,ddpm,35.5
diabetes,2,0.777,False,logreg,0.7746,0.4991,-0.0024,health,privgen,adsgan,496.1
diabetes,2,0.777,False,rf,0.7749,0.5036,-0.0021,health,privgen,adsgan,496.1
smoker,2,0.8019,False,logreg,0.9042,0.788,0.1023,health,privgen,adsgan,496.1
smoker,2,0.8019,False,rf,0.9055,0.8419,0.1036,health,privgen,adsgan,496.1
class,2,0.7,False,logreg,0.701,0.5017,0.001,german,base,decaf,277.1
class,2,0.7,False,rf,0.699,0.4993,-0.001,german,base,decaf,277.1
Attribute9,4,0.548,False,logreg,0.537,0.2495,-0.011,german,base,decaf,277.1
Attribute9,4,0.548,False,rf,0.495,0.2346,-0.053,german,base,decaf,277.1
class,2,0.7,False,logreg,0.667,0.4879,-0.033,german,privgen,dpgan,97.0
class,2,0.7,False,rf,0.685,0.4931,-0.015,german,privgen,dpgan,97.0
Attribute9,4,0.548,False,logreg,0.181,0.2606,-0.367,german,privgen,dpgan,97.0
Attribute9,4,0.548,False,rf,0.061,0.255,-0.487,german,privgen,dpgan,97.0
Biopsy,2,0.9353,True,,0.9353,0.5,0.0,cervical,privgen,ddpm,30.1
STDs:HIV,2,0.9784,True,,0.9784,0.5,0.0,cervical,privgen,ddpm,30.1
Biopsy,2,0.9353,True,,0.9353,0.5,0.0,cervical,privgen,ctgan,68.4
STDs:HIV,2,0.9784,True,,0.9784,0.5,0.0,cervical,privgen,ctgan,68.4
class,2,0.7,False,logreg,0.736,0.5943,0.036,german,privgen,arf,8.2
class,2,0.7,False,rf,0.728,0.5743,0.028,german,privgen,arf,8.2
Attribute9,4,0.548,False,logreg,0.605,0.3065,0.057,german,privgen,arf,8.2
Attribute9,4,0.548,False,rf,0.621,0.3258,0.073,german,privgen,arf,8.2
diabetes,2,0.777,False,logreg,0.777,0.5,0.0,health,base,decaf,4319.7
diabetes,2,0.777,False,rf,0.7704,0.4993,-0.0066,health,base,decaf,4319.7
smoker,2,0.8019,False,logreg,0.9053,0.7991,0.1034,health,base,decaf,4319.7
smoker,2,0.8019,False,rf,0.8056,0.6366,0.0037,health,base,decaf,4319.7
diabetes,2,0.777,False,logreg,0.777,0.5,0.0,health,base,adsgan,866.4
diabetes,2,0.777,False,rf,0.7674,0.5027,-0.0096,health,base,adsgan,866.4
smoker,2,0.8019,False,logreg,0.9108,0.7949,0.1089,health,base,adsgan,866.4
smoker,2,0.8019,False,rf,0.9205,0.8619,0.1186,health,base,adsgan,866.4
Biopsy,2,0.9353,True,,0.9353,0.5,0.0,cervical,privgen,adsgan,70.4
STDs:HIV,2,0.9784,True,,0.9784,0.5,0.0,cervical,privgen,adsgan,70.4
diabetes,2,0.777,False,logreg,0.7757,0.4992,-0.0013,health,privgen,ctgan,617.8
diabetes,2,0.777,False,rf,0.7718,0.5006,-0.0052,health,privgen,ctgan,617.8
smoker,2,0.8019,False,logreg,0.9087,0.7807,0.1068,health,privgen,ctgan,617.8
smoker,2,0.8019,False,rf,0.8938,0.796,0.0919,health,privgen,ctgan,617.8
class,2,0.7,False,logreg,0.739,0.5764,0.039,german,privgen,rtvae,33.1
class,2,0.7,False,rf,0.748,0.5971,0.048,german,privgen,rtvae,33.1
Attribute9,4,0.548,False,logreg,0.581,0.2906,0.033,german,privgen,rtvae,33.1
Attribute9,4,0.548,False,rf,0.624,0.3476,0.076,german,privgen,rtvae,33.1
class,2,0.7,False,logreg,0.734,0.6386,0.034,german,privgen,adsgan,59.1
class,2,0.7,False,rf,0.725,0.6083,0.025,german,privgen,adsgan,59.1
Attribute9,4,0.548,False,logreg,0.598,0.3043,0.05,german,privgen,adsgan,59.1
Attribute9,4,0.548,False,rf,0.62,0.3289,0.072,german,privgen,adsgan,59.1
Biopsy,2,0.9353,False,logreg,0.0659,0.492,-0.8694,cervical,base,dpgan,114.2
Biopsy,2,0.9353,False,rf,0.0731,0.47,-0.8622,cervical,base,dpgan,114.2
STDs:HIV,2,0.9784,False,logreg,0.6371,0.3799,-0.3413,cervical,base,dpgan,114.2
STDs:HIV,2,0.9784,False,rf,0.279,0.4958,-0.6994,cervical,base,dpgan,114.2
diabetes,2,0.777,False,logreg,0.777,0.5,0.0,health,base,rtvae,985.0
diabetes,2,0.777,False,rf,0.8072,0.5945,0.0302,health,base,rtvae,985.0
smoker,2,0.8019,False,logreg,0.9099,0.8173,0.108,health,base,rtvae,985.0
smoker,2,0.8019,False,rf,0.9508,0.9127,0.1489,health,base,rtvae,985.0
Biopsy,2,0.9353,False,logreg,0.9473,0.6271,0.012,cervical,base,arf,0.2
Biopsy,2,0.9353,False,rf,0.9389,0.545,0.0036,cervical,base,arf,0.2
STDs:HIV,2,0.9784,False,logreg,0.9808,0.6371,0.0024,cervical,base,arf,0.2
STDs:HIV,2,0.9784,False,rf,0.9784,0.5,0.0,cervical,base,arf,0.2
class,2,0.7,False,logreg,0.689,0.5912,-0.011,german,base,rtvae,38.0
class,2,0.7,False,rf,0.697,0.5388,-0.003,german,base,rtvae,38.0
Attribute9,4,0.548,False,logreg,0.5895,0.3565,0.0415,german,base,rtvae,38.0
Attribute9,4,0.548,False,rf,0.6021,0.3647,0.0541,german,base,rtvae,38.0
class,2,0.7,False,logreg,0.748,0.6343,0.048,german,base,arf,9.8
class,2,0.7,False,rf,0.749,0.6283,0.049,german,base,arf,9.8
Attribute9,4,0.548,False,logreg,0.604,0.306,0.056,german,base,arf,9.8
Attribute9,4,0.548,False,rf,0.626,0.3443,0.078,german,base,arf,9.8
diabetes,2,0.777,False,logreg,0.777,0.5,0.0,health,base,ddpm,278.2
diabetes,2,0.777,False,rf,0.8129,0.5854,0.0359,health,base,ddpm,278.2
smoker,2,0.8019,False,logreg,0.9333,0.8897,0.1314,health,base,ddpm,278.2
smoker,2,0.8019,False,rf,0.9596,0.9396,0.1577,health,base,ddpm,278.2
Biopsy,2,0.9353,False,logreg,0.9605,0.841,0.0252,cervical,base,decaf,371.7
Biopsy,2,0.9353,False,rf,0.9521,0.7589,0.0168,cervical,base,decaf,371.7
STDs:HIV,2,0.9784,False,logreg,0.9784,0.5,0.0,cervical,base,decaf,371.7
STDs:HIV,2,0.9784,False,rf,0.9784,0.5,0.0,cervical,base,decaf,371.7
diabetes,2,0.777,False,logreg,0.777,0.5,0.0,health,privgen,tvae,846.8
diabetes,2,0.777,False,rf,0.8209,0.6073,0.0439,health,privgen,tvae,846.8
smoker,2,0.8019,False,logreg,0.9004,0.7556,0.0985,health,privgen,tvae,846.8
smoker,2,0.8019,False,rf,0.9043,0.8038,0.1024,health,privgen,tvae,846.8
class,2,0.7,False,logreg,0.757,0.6283,0.057,german,base,adsgan,47.7
class,2,0.7,False,rf,0.73,0.5852,0.03,german,base,adsgan,47.7
Attribute9,4,0.548,False,logreg,0.6,0.3077,0.052,german,base,adsgan,47.7
Attribute9,4,0.548,False,rf,0.599,0.3153,0.051,german,base,adsgan,47.7
class,2,0.7,False,logreg,0.298,0.4967,-0.402,german,base,dpgan,110.3
class,2,0.7,False,rf,0.299,0.4983,-0.401,german,base,dpgan,110.3
Attribute9,4,0.548,False,logreg,0.116,0.2674,-0.432,german,base,dpgan,110.3
Attribute9,4,0.548,False,rf,0.096,0.2532,-0.452,german,base,dpgan,110.3
class,2,0.7,False,logreg,0.7,0.5019,0.0,german,privgen,decaf,217.0
class,2,0.7,False,rf,0.684,0.4924,-0.016,german,privgen,decaf,217.0
Attribute9,4,0.548,False,logreg,0.516,0.2414,-0.032,german,privgen,decaf,217.0
Attribute9,4,0.548,False,rf,0.507,0.2387,-0.041,german,privgen,decaf,217.0
diabetes,2,0.777,False,logreg,0.777,0.5,0.0,health,privgen,arf,41.2
diabetes,2,0.777,False,rf,0.8892,0.7639,0.1122,health,privgen,arf,41.2
smoker,2,0.8019,False,logreg,0.9231,0.8513,0.1212,health,privgen,arf,41.2
smoker,2,0.8019,False,rf,0.9213,0.8428,0.1194,health,privgen,arf,41.2
class,2,0.7,False,logreg,0.715,0.5755,0.015,german,privgen,tvae,40.3
class,2,0.7,False,rf,0.732,0.5952,0.032,german,privgen,tvae,40.3
Attribute9,4,0.548,False,logreg,0.612,0.3114,0.064,german,privgen,tvae,40.3
Attribute9,4,0.548,False,rf,0.629,0.3417,0.081,german,privgen,tvae,40.3
class,2,0.7,False,logreg,0.698,0.5005,-0.002,german,base,tvae,41.4
class,2,0.7,False,rf,0.7,0.501,0.0,german,base,tvae,41.4
Attribute9,4,0.548,False,logreg,0.546,0.2491,-0.002,german,base,tvae,41.4
Attribute9,4,0.548,False,rf,0.572,0.2792,0.024,german,base,tvae,41.4
diabetes,2,0.777,False,logreg,0.2231,0.5001,-0.5539,health,base,dpgan,2485.9
diabetes,2,0.777,False,rf,0.2231,0.5,-0.5539,health,base,dpgan,2485.9
smoker,2,0.8019,False,logreg,0.8017,0.5004,-0.0002,health,base,dpgan,2485.9
smoker,2,0.8019,False,rf,0.5418,0.4736,-0.2601,health,base,dpgan,2485.9
Biopsy,2,0.9353,True,,0.9353,0.5,0.0,cervical,privgen,decaf,122.7
STDs:HIV,2,0.9784,True,,0.9784,0.5,0.0,cervical,privgen,decaf,122.7
diabetes,2,0.777,False,logreg,0.777,0.5,0.0,health,base,ctgan,414.0
diabetes,2,0.777,False,rf,0.7715,0.5025,-0.0055,health,base,ctgan,414.0
smoker,2,0.8019,False,logreg,0.9105,0.7899,0.1086,health,base,ctgan,414.0
smoker,2,0.8019,False,rf,0.9158,0.8192,0.1139,health,base,ctgan,414.0
class,2,0.7,False,logreg,0.759,0.6507,0.059,german,base,ctgan,62.5
class,2,0.7,False,rf,0.739,0.6145,0.039,german,base,ctgan,62.5
Attribute9,4,0.548,False,logreg,0.606,0.3027,0.058,german,base,ctgan,62.5
Attribute9,4,0.548,False,rf,0.619,0.3185,0.071,german,base,ctgan,62.5
diabetes,2,0.777,False,logreg,0.777,0.5,0.0,health,base,arf,48.9
diabetes,2,0.777,False,rf,0.9311,0.846,0.1541,health,base,arf,48.9
smoker,2,0.8019,False,logreg,0.9095,0.8127,0.1076,health,base,arf,48.9
smoker,2,0.8019,False,rf,0.9775,0.9538,0.1756,health,base,arf,48.9
Biopsy,2,0.9353,False,logreg,0.9533,0.7337,0.018,cervical,base,adsgan,44.7
Biopsy,2,0.9353,False,rf,0.9365,0.5351,0.0012,cervical,base,adsgan,44.7
STDs:HIV,2,0.9784,False,logreg,0.9701,0.55,-0.0083,cervical,base,adsgan,44.7
STDs:HIV,2,0.9784,False,rf,0.9784,0.5,0.0,cervical,base,adsgan,44.7
Biopsy,2,0.9353,True,,0.9353,0.5,0.0,cervical,privgen,tvae,39.6
STDs:HIV,2,0.9784,True,,0.9784,0.5,0.0,cervical,privgen,tvae,39.6
Biopsy,2,0.9353,False,logreg,0.9198,0.5434,-0.0155,cervical,base,tvae,49.5
Biopsy,2,0.9353,False,rf,0.9365,0.5093,0.0012,cervical,base,tvae,49.5
STDs:HIV,2,0.9784,False,logreg,0.9737,0.6334,-0.0047,cervical,base,tvae,49.5
STDs:HIV,2,0.9784,False,rf,0.9784,0.5,0.0,cervical,base,tvae,49.5
diabetes,2,0.777,False,logreg,0.777,0.5,0.0,health,privgen,decaf,2104.5
diabetes,2,0.777,False,rf,0.7769,0.5,-0.0001,health,privgen,decaf,2104.5
smoker,2,0.8019,False,logreg,0.9054,0.8092,0.1035,health,privgen,decaf,2104.5
smoker,2,0.8019,False,rf,0.8654,0.7339,0.0635,health,privgen,decaf,2104.5
Biopsy,2,0.9353,False,logreg,0.9437,0.6769,0.0084,cervical,base,ctgan,60.9
Biopsy,2,0.9353,False,rf,0.9449,0.5913,0.0096,cervical,base,ctgan,60.9
STDs:HIV,2,0.9784,False,logreg,0.9772,0.4994,-0.0012,cervical,base,ctgan,60.9
STDs:HIV,2,0.9784,False,rf,0.9784,0.5,0.0,cervical,base,ctgan,60.9
class,2,0.7,False,logreg,0.746,0.6319,0.046,german,base,ddpm,22.8
class,2,0.7,False,rf,0.747,0.625,0.047,german,base,ddpm,22.8
Attribute9,4,0.548,False,logreg,0.587,0.3172,0.039,german,base,ddpm,22.8
Attribute9,4,0.548,False,rf,0.618,0.336,0.07,german,base,ddpm,22.8
class,2,0.7,False,logreg,0.741,0.6407,0.041,german,privgen,ddpm,33.1
class,2,0.7,False,rf,0.741,0.6188,0.041,german,privgen,ddpm,33.1
Attribute9,4,0.548,False,logreg,0.57,0.3085,0.022,german,privgen,ddpm,33.1
Attribute9,4,0.548,False,rf,0.621,0.3419,0.073,german,privgen,ddpm,33.1
Biopsy,2,0.9353,True,,0.9353,0.5,0.0,cervical,privgen,rtvae,32.3
STDs:HIV,2,0.9784,True,,0.9784,0.5,0.0,cervical,privgen,rtvae,32.3
diabetes,2,0.777,False,logreg,0.4234,0.5119,-0.3536,health,privgen,dpgan,1715.9
diabetes,2,0.777,False,rf,0.2509,0.5033,-0.5261,health,privgen,dpgan,1715.9
smoker,2,0.8019,False,logreg,0.6303,0.4338,-0.1716,health,privgen,dpgan,1715.9
smoker,2,0.8019,False,rf,0.573,0.4514,-0.2289,health,privgen,dpgan,1715.9
Biopsy,2,0.9353,True,,0.9353,0.5,0.0,cervical,privgen,dpgan,64.3
STDs:HIV,2,0.9784,True,,0.9784,0.5,0.0,cervical,privgen,dpgan,64.3
diabetes,2,0.777,False,logreg,0.777,0.5,0.0,health,privgen,rtvae,952.1
diabetes,2,0.777,False,rf,0.8025,0.5678,0.0255,health,privgen,rtvae,952.1
smoker,2,0.8019,False,logreg,0.9022,0.7617,0.1003,health,privgen,rtvae,952.1
smoker,2,0.8019,False,rf,0.9003,0.7871,0.0984,health,privgen,rtvae,952.1
Biopsy,2,0.9353,True,,0.9353,0.5,0.0,cervical,privgen,arf,9.3
STDs:HIV,2,0.9784,True,,0.9784,0.5,0.0,cervical,privgen,arf,9.3
diabetes,2,0.777,False,logreg,0.777,0.5,0.0,health,base,tvae,630.8
diabetes,2,0.777,False,rf,0.8119,0.5882,0.0349,health,base,tvae,630.8
smoker,2,0.8019,False,logreg,0.9111,0.7942,0.1092,health,base,tvae,630.8
smoker,2,0.8019,False,rf,0.963,0.9227,0.1611,health,base,tvae,630.8
diabetes,2,0.777,False,logreg,0.7774,0.5009,0.0004,health,privgen,ddpm,197.6
diabetes,2,0.777,False,rf,0.8224,0.6151,0.0454,health,privgen,ddpm,197.6
smoker,2,0.8019,False,logreg,0.934,0.925,0.1321,health,privgen,ddpm,197.6
smoker,2,0.8019,False,rf,0.9016,0.8248,0.0997,health,privgen,ddpm,197.6
class,2,0.7,False,logreg,0.764,0.681,0.064,german,privgen,ctgan,50.1
class,2,0.7,False,rf,0.712,0.6124,0.012,german,privgen,ctgan,50.1
Attribute9,4,0.548,False,logreg,0.588,0.3096,0.04,german,privgen,ctgan,50.1
Attribute9,4,0.548,False,rf,0.606,0.3282,0.058,german,privgen,ctgan,50.1
