Attribute1,Attribute2,Attribute3,Attribute4,Attribute5,Attribute6,Attribute7,Attribute8,Attribute9,Attribute10,Attribute11,Attribute12,Attribute13,Attribute14,Attribute15,Attribute16,Attribute17,Attribute18,Attribute19,Attribute20,class,cluster,distance
0.0,2.0,4.0,4.0,142.0,4.0,4.0,3.0,2.0,0.0,3.0,0.0,48.0,2.0,1.0,1.0,2.0,0.0,1.0,0.0,0.0,0,296.4218578756321
1.0,29.0,2.0,4.0,770.0,0.0,2.0,1.0,1.0,0.0,1.0,0.0,3.0,2.0,1.0,0.0,2.0,0.0,0.0,0.0,1.0,0,334.2077246021035
3.0,8.0,4.0,7.0,390.0,0.0,3.0,1.0,2.0,0.0,2.0,0.0,30.0,2.0,1.0,0.0,1.0,1.0,0.0,0.0,0.0,0,49.074806324595855
0.0,26.0,2.0,3.0,848.0,0.0,3.0,1.0,2.0,2.0,3.0,1.0,26.0,2.0,2.0,0.0,2.0,1.0,0.0,0.0,0.0,0,411.921920277171
0.0,17.0,3.0,0.0,734.0,0.0,2.0,2.0,2.0,0.0,3.0,3.0,34.0,2.0,2.0,1.0,2.0,1.0,0.0,0.0,1.0,0,298.20297560492696
3.0,23.0,2.0,7.0,869.0,4.0,2.0,1.0,2.0,0.0,3.0,3.0,16.0,2.0,2.0,0.0,1.0,1.0,1.0,0.0,0.0,0,432.7332686316808
3.0,17.0,2.0,3.0,533.0,2.0,4.0,2.0,2.0,0.0,3.0,1.0,34.0,2.0,1.0,0.0,2.0,0.0,0.0,0.0,0.0,0,98.38714123239411
1.0,23.0,2.0,1.0,813.0,0.0,2.0,1.0,2.0,0.0,1.0,2.0,16.0,2.0,0.0,0.0,3.0,0.0,1.0,0.0,0.0,0,376.726572918441
3.0,8.0,2.0,4.0,562.0,3.0,3.0,1.0,0.0,0.0,3.0,0.0,42.0,2.0,1.0,0.0,1.0,0.0,0.0,0.0,0.0,0,128.46405630951836
1.0,21.0,4.0,0.0,747.0,0.0,0.0,3.0,3.0,0.0,1.0,2.0,9.0,2.0,1.0,1.0,3.0,0.0,0.0,0.0,1.0,0,310.79831852814164
1.0,8.0,2.0,0.0,190.0,0.0,1.0,2.0,1.0,0.0,0.0,2.0,6.0,2.0,0.0,0.0,2.0,0.0,0.0,0.0,1.0,0,246.70896328165105
0.0,29.0,2.0,9.0,700.0,0.0,1.0,2.0,1.0,0.0,3.0,1.0,5.0,2.0,0.0,0.0,2.0,0.0,0.0,0.0,1.0,0,264.3468119693362
1.0,8.0,2.0,4.0,287.0,0.0,2.0,0.0,1.0,0.0,0.0,2.0,3.0,2.0,1.0,0.0,2.0,0.0,1.0,0.0,0.0,0,150.09840886056386
0.0,17.0,4.0,0.0,149.0,0.0,4.0,3.0,2.0,0.0,3.0,2.0,41.0,2.0,1.0,1.0,1.0,0.0,0.0,0.0,1.0,0,288.5733264914147
0.0,11.0,2.0,0.0,232.0,0.0,2.0,1.0,1.0,0.0,3.0,2.0,9.0,2.0,0.0,0.0,2.0,0.0,0.0,0.0,0.0,0,204.5884667706956
0.0,17.0,2.0,4.0,183.0,1.0,2.0,3.0,1.0,0.0,1.0,2.0,13.0,2.0,1.0,0.0,1.0,0.0,0.0,0.0,1.0,0,253.46528926446015
3.0,17.0,4.0,4.0,464.0,4.0,4.0,3.0,2.0,0.0,3.0,1.0,34.0,2.0,1.0,1.0,2.0,0.0,0.0,0.0,0.0,0,33.50520848476609
3.0,17.0,2.0,4.0,608.0,2.0,4.0,2.0,2.0,0.0,1.0,2.0,12.0,2.0,1.0,0.0,2.0,1.0,1.0,0.0,0.0,0,171.69517772343505
3.0,5.0,4.0,0.0,401.0,0.0,2.0,3.0,2.0,0.0,3.0,2.0,29.0,2.0,1.0,2.0,2.0,0.0,1.0,0.0,0.0,0,39.0098588586636
0.0,2.0,2.0,4.0,498.0,2.0,2.0,1.0,2.0,0.0,2.0,0.0,25.0,2.0,0.0,0.0,2.0,1.0,0.0,0.0,0.0,0,63.3971650502394
0.0,6.0,4.0,0.0,422.0,0.0,1.0,0.0,2.0,0.0,2.0,0.0,29.0,2.0,0.0,1.0,1.0,1.0,0.0,1.0,0.0,0,21.58637389196076
1.0,8.0,4.0,1.0,322.0,1.0,1.0,2.0,2.0,0.0,3.0,1.0,25.0,2.0,1.0,0.0,2.0,0.0,0.0,0.0,0.0,0,114.95914311062307
3.0,6.0,4.0,3.0,387.0,4.0,2.0,1.0,3.0,0.0,0.0,2.0,7.0,2.0,1.0,1.0,2.0,0.0,0.0,1.0,0.0,0,50.95645803738461
0.0,2.0,2.0,3.0,222.0,0.0,2.0,0.0,2.0,0.0,1.0,0.0,17.0,0.0,1.0,0.0,1.0,0.0,1.0,0.0,0.0,0,214.75670741983944
3.0,2.0,0.0,4.0,10.0,0.0,4.0,3.0,3.0,0.0,3.0,2.0,20.0,2.0,1.0,0.0,1.0,0.0,0.0,0.0,0.0,0,426.6070654423419
2.0,8.0,1.0,4.0,9.0,3.0,2.0,2.0,1.0,0.0,2.0,0.0,23.0,2.0,0.0,1.0,2.0,0.0,0.0,0.0,0.0,0,427.51774899443086
1.0,3.0,2.0,4.0,463.0,0.0,2.0,2.0,2.0,2.0,1.0,0.0,15.0,2.0,1.0,0.0,2.0,0.0,0.0,0.0,0.0,0,28.75676050858933
0.0,31.0,3.0,9.0,808.0,0.0,4.0,2.0,2.0,0.0,3.0,3.0,44.0,2.0,1.0,1.0,2.0,0.0,1.0,0.0,1.0,0,373.1264723322988
1.0,13.0,2.0,9.0,349.0,3.0,1.0,2.0,3.0,0.0,2.0,0.0,17.0,0.0,1.0,0.0,2.0,0.0,1.0,0.0,0.0,0,87.67862681514613
0.0,17.0,2.0,3.0,682.0,0.0,2.0,1.0,2.0,0.0,1.0,2.0,8.0,1.0,1.0,0.0,2.0,0.0,0.0,0.0,0.0,0,245.75550295059463
1.0,13.0,2.0,0.0,768.0,1.0,2.0,1.0,2.0,0.0,1.0,2.0,11.0,2.0,1.0,1.0,2.0,0.0,1.0,0.0,0.0,0,331.64917883418906
3.0,8.0,4.0,9.0,178.0,4.0,4.0,3.0,2.0,0.0,3.0,3.0,38.0,2.0,0.0,0.0,1.0,0.0,0.0,0.0,0.0,0,259.52207322916416
2.0,8.0,2.0,3.0,253.0,0.0,1.0,3.0,1.0,0.0,0.0,1.0,14.0,0.0,1.0,0.0,3.0,0.0,1.0,0.0,0.0,0,183.5360056409907
1.0,27.0,4.0,4.0,725.0,0.0,1.0,3.0,2.0,0.0,1.0,1.0,6.0,2.0,1.0,1.0,1.0,0.0,0.0,0.0,1.0,0,289.08985758609964
3.0,29.0,4.0,7.0,776.0,0.0,2.0,0.0,2.0,0.0,2.0,3.0,12.0,0.0,2.0,0.0,2.0,0.0,1.0,0.0,0.0,0,340.00955099739076
2.0,13.0,2.0,4.0,391.0,0.0,2.0,3.0,2.0,1.0,1.0,0.0,18.0,1.0,1.0,0.0,2.0,0.0,0.0,0.0,1.0,0,45.547803408819824
2.0,6.0,2.0,5.0,163.0,0.0,2.0,1.0,2.0,0.0,1.0,2.0,18.0,2.0,1.0,0.0,2.0,0.0,1.0,0.0,0.0,0,273.5343233267076
1.0,5.0,2.0,4.0,15.0,0.0,2.0,3.0,2.0,0.0,2.0,0.0,5.0,2.0,1.0,0.0,2.0,0.0,0.0,0.0,0.0,0,421.64152367572456
3.0,21.0,2.0,4.0,447.0,2.0,4.0,3.0,2.0,0.0,1.0,2.0,11.0,0.0,1.0,0.0,3.0,0.0,0.0,0.0,0.0,0,14.304802084511923
1.0,8.0,2.0,4.0,138.0,2.0,2.0,2.0,0.0,0.0,0.0,2.0,7.0,2.0,1.0,0.0,2.0,0.0,1.0,0.0,0.0,0,298.6068833214107
1.0,13.0,3.0,6.0,781.0,0.0,2.0,1.0,2.0,0.0,3.0,0.0,25.0,2.0,1.0,0.0,1.0,1.0,1.0,0.0,0.0,0,344.73516088034324
0.0,21.0,4.0,1.0,779.0,1.0,3.0,0.0,3.0,0.0,3.0,2.0,5.0,2.0,0.0,1.0,2.0,0.0,0.0,0.0,0.0,0,342.87295360128684
0.0,29.0,4.0,1.0,777.0,0.0,4.0,3.0,1.0,0.0,3.0,3.0,39.0,1.0,2.0,1.0,1.0,0.0,0.0,0.0,1.0,0,341.7630846757942
3.0,7.0,4.0,0.0,230.0,0.0,1.0,3.0,1.0,0.0,3.0,2.0,16.0,2.0,1.0,1.0,3.0,0.0,0.0,0.0,0.0,0,206.56764170486545
3.0,23.0,2.0,4.0,434.0,2.0,4.0,3.0,2.0,0.0,3.0,2.0,20.0,2.0,1.0,0.0,2.0,0.0,0.0,0.0,0.0,0,11.09833961833726
0.0,2.0,2.0,1.0,213.0,2.0,0.0,0.0,1.0,0.0,1.0,1.0,4.0,2.0,0.0,0.0,0.0,0.0,1.0,0.0,0.0,0,224.0751815537184
3.0,7.0,4.0,0.0,821.0,0.0,2.0,0.0,2.0,0.0,3.0,1.0,20.0,2.0,1.0,1.0,1.0,0.0,0.0,0.0,0.0,0,384.6983779494655
3.0,8.0,2.0,4.0,388.0,1.0,2.0,3.0,1.0,1.0,1.0,0.0,9.0,2.0,1.0,0.0,2.0,0.0,0.0,0.0,0.0,0,49.27731418599649
1.0,17.0,3.0,3.0,447.0,4.0,1.0,3.0,2.0,0.0,1.0,1.0,10.0,0.0,1.0,0.0,1.0,0.0,0.0,0.0,0.0,0,13.254124573964017
1.0,19.0,3.0,1.0,772.0,0.0,4.0,0.0,2.0,0.0,1.0,2.0,11.0,2.0,1.0,1.0,3.0,0.0,1.0,0.0,0.0,0,335.6961971969224
3.0,8.0,2.0,4.0,177.0,0.0,2.0,2.0,2.0,0.0,1.0,2.0,6.0,2.0,1.0,0.0,2.0,0.0,0.0,0.0,0.0,0,259.6646386362862
3.0,13.0,2.0,1.0,598.0,4.0,2.0,1.0,2.0,0.0,0.0,1.0,12.0,2.0,1.0,0.0,2.0,0.0,1.0,0.0,0.0,0,161.70402642483762
1.0,23.0,3.0,0.0,419.0,0.0,4.0,3.0,2.0,0.0,3.0,3.0,38.0,0.0,2.0,1.0,2.0,0.0,1.0,0.0,1.0,0,30.182483440836613
1.0,8.0,2.0,4.0,797.0,4.0,0.0,1.0,2.0,0.0,0.0,3.0,33.0,2.0,1.0,0.0,3.0,0.0,1.0,0.0,1.0,0,361.0749214333443
3.0,23.0,4.0,4.0,876.0,0.0,2.0,1.0,1.0,0.0,1.0,2.0,12.0,1.0,1.0,1.0,2.0,0.0,0.0,0.0,0.0,0,439.7199580119007
2.0,13.0,2.0,0.0,366.0,0.0,4.0,2.0,1.0,0.0,1.0,2.0,4.0,2.0,1.0,0.0,3.0,0.0,0.0,0.0,0.0,0,71.53020315343468
0.0,23.0,4.0,3.0,783.0,0.0,1.0,3.0,1.0,1.0,3.0,3.0,4.0,2.0,0.0,1.0,1.0,0.0,1.0,0.0,1.0,0,346.9474059661753
1.0,5.0,2.0,9.0,229.0,0.0,2.0,1.0,3.0,0.0,0.0,0.0,8.0,0.0,1.0,0.0,2.0,0.0,1.0,0.0,0.0,0,207.84036499594936
1.0,11.0,4.0,4.0,275.0,4.0,4.0,3.0,2.0,2.0,3.0,0.0,31.0,2.0,1.0,1.0,2.0,0.0,1.0,0.0,0.0,0,162.21171004408092
1.0,23.0,0.0,9.0,364.0,0.0,4.0,3.0,2.0,0.0,3.0,3.0,42.0,2.0,2.0,0.0,3.0,0.0,1.0,0.0,1.0,0,77.90883741864222
3.0,17.0,2.0,4.0,580.0,0.0,1.0,3.0,1.0,0.0,3.0,1.0,7.0,2.0,1.0,0.0,2.0,0.0,1.0,0.0,0.0,0,143.93644286341652
3.0,19.0,2.0,6.0,746.0,4.0,4.0,3.0,2.0,0.0,3.0,1.0,29.0,2.0,1.0,3.0,2.0,1.0,1.0,0.0,0.0,0,309.97027050632784
3.0,8.0,2.0,4.0,410.0,0.0,1.0,1.0,1.0,0.0,1.0,2.0,10.0,0.0,1.0,0.0,2.0,0.0,0.0,0.0,0.0,0,27.801131373726633
1.0,8.0,2.0,0.0,107.0,3.0,2.0,3.0,3.0,0.0,0.0,0.0,3.0,2.0,1.0,0.0,2.0,0.0,0.0,0.0,0.0,0,329.7422464715395
3.0,23.0,2.0,7.0,325.0,0.0,2.0,3.0,2.0,0.0,3.0,3.0,18.0,1.0,2.0,0.0,2.0,0.0,1.0,0.0,1.0,0,111.9454316589752
3.0,23.0,2.0,4.0,459.0,4.0,2.0,3.0,1.0,0.0,3.0,2.0,6.0,2.0,1.0,0.0,2.0,0.0,0.0,0.0,0.0,0,26.695605757873437
3.0,23.0,2.0,1.0,854.0,0.0,2.0,0.0,1.0,0.0,1.0,1.0,11.0,0.0,1.0,0.0,2.0,0.0,0.0,0.0,0.0,0,417.7470925250496
3.0,3.0,4.0,4.0,51.0,4.0,4.0,3.0,2.0,0.0,1.0,1.0,27.0,2.0,0.0,1.0,1.0,0.0,1.0,0.0,0.0,0,385.74047371537944
0.0,4.0,4.0,2.0,140.0,0.0,4.0,2.0,2.0,0.0,3.0,3.0,32.0,0.0,2.0,1.0,3.0,1.0,1.0,0.0,0.0,0,297.03842266770533
1.0,26.0,4.0,9.0,771.0,0.0,3.0,1.0,1.0,0.0,0.0,0.0,22.0,0.0,1.0,1.0,1.0,0.0,0.0,0.0,0.0,0,334.9501518974535
0.0,23.0,2.0,7.0,370.0,4.0,4.0,3.0,2.0,0.0,3.0,3.0,21.0,2.0,1.0,0.0,3.0,0.0,1.0,0.0,1.0,0,67.54955087423545
0.0,8.0,4.0,1.0,270.0,0.0,4.0,3.0,2.0,0.0,3.0,3.0,47.0,2.0,2.0,1.0,3.0,0.0,0.0,0.0,0.0,0,169.45816858526956
0.0,26.0,2.0,4.0,674.0,0.0,1.0,3.0,2.0,0.0,2.0,2.0,15.0,2.0,1.0,0.0,2.0,0.0,0.0,0.0,1.0,0,237.93907323965
1.0,7.0,3.0,4.0,726.0,0.0,3.0,1.0,2.0,0.0,3.0,1.0,32.0,2.0,1.0,0.0,2.0,0.0,0.0,0.0,0.0,0,290.1238529015328
3.0,30.0,0.0,1.0,875.0,4.0,2.0,1.0,2.0,0.0,1.0,1.0,20.0,2.0,1.0,0.0,1.0,1.0,0.0,0.0,0.0,0,438.9510299034436
1.0,21.0,2.0,3.0,657.0,0.0,1.0,1.0,3.0,0.0,0.0,1.0,3.0,2.0,1.0,0.0,2.0,0.0,0.0,0.0,0.0,0,221.1140980809433
3.0,17.0,2.0,4.0,769.0,4.0,1.0,0.0,1.0,0.0,0.0,2.0,25.0,2.0,1.0,1.0,2.0,0.0,1.0,0.0,1.0,0,332.7691262854252
3.0,11.0,2.0,4.0,157.0,2.0,4.0,3.0,2.0,0.0,2.0,1.0,28.0,1.0,1.0,0.0,2.0,0.0,1.0,0.0,0.0,0,279.7009236271484
3.0,13.0,2.0,9.0,288.0,1.0,2.0,2.0,1.0,0.0,3.0,1.0,5.0,2.0,0.0,0.0,1.0,0.0,0.0,0.0,0.0,0,148.93442076336177
0.0,17.0,2.0,2.0,315.0,0.0,4.0,3.0,1.0,2.0,3.0,0.0,39.0,2.0,1.0,0.0,1.0,0.0,1.0,0.0,0.0,0,123.72437224573376
0.0,6.0,2.0,4.0,438.0,0.0,4.0,2.0,2.0,0.0,3.0,0.0,33.0,2.0,1.0,0.0,1.0,0.0,0.0,0.0,0.0,0,19.118548121214747
3.0,8.0,4.0,9.0,235.0,0.0,2.0,3.0,1.0,2.0,1.0,0.0,10.0,2.0,1.0,1.0,3.0,0.0,1.0,0.0,0.0,0,201.68429495137968
1.0,13.0,4.0,3.0,190.0,0.0,1.0,3.0,1.0,0.0,0.0,1.0,8.0,2.0,1.0,1.0,2.0,0.0,0.0,0.0,0.0,0,246.55658638690616
0.0,13.0,2.0,0.0,425.0,1.0,3.0,3.0,2.0,0.0,2.0,2.0,11.0,2.0,1.0,0.0,3.0,1.0,1.0,0.0,0.0,0,13.148146919399252
0.0,8.0,0.0,6.0,128.0,0.0,3.0,3.0,2.0,0.0,2.0,0.0,9.0,2.0,1.0,1.0,2.0,0.0,0.0,0.0,1.0,0,308.5705085414906
3.0,8.0,4.0,4.0,24.0,0.0,4.0,3.0,2.0,0.0,3.0,0.0,37.0,2.0,1.0,0.0,2.0,0.0,0.0,0.0,0.0,0,413.004431914431
0.0,8.0,4.0,1.0,233.0,0.0,4.0,3.0,2.0,0.0,2.0,0.0,35.0,2.0,1.0,0.0,2.0,0.0,0.0,0.0,0.0,0,204.4271476609872
3.0,8.0,4.0,4.0,67.0,4.0,4.0,3.0,1.0,0.0,2.0,1.0,14.0,0.0,1.0,0.0,1.0,1.0,0.0,0.0,1.0,0,369.4858732522758
2.0,17.0,4.0,3.0,636.0,4.0,4.0,3.0,2.0,1.0,3.0,3.0,1.0,2.0,0.0,1.0,2.0,0.0,0.0,0.0,0.0,0,200.2254068664836
1.0,8.0,2.0,0.0,200.0,3.0,4.0,3.0,2.0,0.0,3.0,0.0,35.0,2.0,1.0,0.0,2.0,0.0,1.0,0.0,0.0,0,237.298980258068
3.0,8.0,4.0,7.0,377.0,4.0,3.0,3.0,1.0,0.0,1.0,2.0,42.0,2.0,1.0,0.0,2.0,0.0,0.0,0.0,0.0,0,65.37221071025971
1.0,13.0,2.0,9.0,494.0,1.0,2.0,3.0,2.0,0.0,3.0,2.0,15.0,2.0,1.0,0.0,2.0,0.0,0.0,0.0,0.0,0,57.91328004349146
1.0,23.0,4.0,4.0,448.0,0.0,4.0,3.0,2.0,0.0,3.0,0.0,17.0,2.0,1.0,0.0,2.0,0.0,0.0,0.0,0.0,0,15.410462539211736
1.0,14.0,3.0,1.0,816.0,4.0,3.0,2.0,2.0,0.0,3.0,1.0,17.0,0.0,0.0,1.0,3.0,1.0,1.0,0.0,0.0,0,379.62359304366834
3.0,17.0,2.0,0.0,250.0,1.0,4.0,3.0,3.0,0.0,3.0,0.0,22.0,2.0,0.0,0.0,1.0,0.0,0.0,0.0,0.0,0,186.60939451575592
1.0,23.0,2.0,4.0,441.0,0.0,3.0,3.0,2.0,0.0,3.0,2.0,5.0,2.0,0.0,0.0,2.0,0.0,0.0,0.0,0.0,0,15.354859411933376
3.0,2.0,3.0,4.0,92.0,0.0,2.0,2.0,1.0,0.0,1.0,0.0,5.0,2.0,1.0,0.0,2.0,0.0,0.0,0.0,0.0,0,344.78189215592323
1.0,5.0,4.0,3.0,350.0,0.0,3.0,3.0,2.0,0.0,2.0,2.0,16.0,2.0,0.0,0.0,2.0,0.0,1.0,0.0,0.0,0,86.86805925714265
3.0,8.0,2.0,1.0,468.0,4.0,1.0,1.0,3.0,0.0,3.0,2.0,7.0,2.0,0.0,0.0,2.0,0.0,1.0,0.0,0.0,0,33.627178312203846
3.0,13.0,1.0,0.0,796.0,0.0,4.0,1.0,2.0,0.0,3.0,3.0,20.0,0.0,1.0,1.0,3.0,1.0,1.0,0.0,1.0,0,359.6578876972928
1.0,8.0,2.0,0.0,775.0,0.0,3.0,1.0,2.0,0.0,1.0,2.0,13.0,2.0,1.0,0.0,2.0,0.0,0.0,0.0,0.0,0,338.6708852426314
1.0,10.0,2.0,9.0,234.0,2.0,4.0,0.0,3.0,0.0,1.0,0.0,16.0,2.0,1.0,0.0,2.0,0.0,1.0,0.0,0.0,0,202.55227857223676
2.0,11.0,2.0,7.0,8.0,0.0,1.0,3.0,1.0,0.0,3.0,1.0,4.0,2.0,0.0,0.0,2.0,0.0,1.0,0.0,0.0,0,428.6050993951443
1.0,13.0,2.0,0.0,784.0,0.0,3.0,2.0,2.0,0.0,2.0,0.0,9.0,2.0,0.0,0.0,1.0,0.0,0.0,0.0,0.0,0,347.68334486566823
3.0,23.0,4.0,0.0,846.0,0.0,2.0,3.0,1.0,0.0,1.0,0.0,6.0,1.0,1.0,1.0,2.0,0.0,1.0,0.0,1.0,0,409.8452595702947
0.0,8.0,2.0,4.0,307.0,2.0,4.0,2.0,3.0,0.0,0.0,0.0,16.0,2.0,1.0,0.0,2.0,0.0,0.0,0.0,0.0,0,129.58273462914389
3.0,29.0,4.0,4.0,629.0,4.0,4.0,3.0,2.0,0.0,0.0,0.0,28.0,2.0,1.0,0.0,2.0,0.0,1.0,0.0,0.0,0,193.65387425163385
0.0,26.0,2.0,4.0,820.0,4.0,3.0,3.0,1.0,0.0,2.0,2.0,11.0,2.0,1.0,0.0,3.0,0.0,1.0,0.0,1.0,0,383.8468095747562
0.0,22.0,4.0,3.0,698.0,2.0,2.0,0.0,1.0,0.0,3.0,2.0,4.0,2.0,1.0,1.0,2.0,0.0,0.0,0.0,1.0,0,262.02185579590554
1.0,8.0,4.0,0.0,454.0,2.0,3.0,2.0,0.0,0.0,2.0,2.0,17.0,2.0,1.0,0.0,3.0,0.0,1.0,0.0,0.0,0,19.005909787856275
0.0,15.0,2.0,4.0,329.0,0.0,2.0,2.0,1.0,0.0,1.0,0.0,6.0,2.0,1.0,1.0,2.0,0.0,1.0,0.0,1.0,0,107.91171162519402
3.0,17.0,4.0,1.0,663.0,0.0,4.0,3.0,1.0,0.0,1.0,2.0,22.0,2.0,0.0,1.0,3.0,0.0,1.0,0.0,0.0,0,226.74209460314265
3.0,8.0,2.0,3.0,317.0,0.0,2.0,2.0,2.0,0.0,1.0,0.0,5.0,2.0,0.0,0.0,1.0,0.0,0.0,0.0,0.0,0,120.06004345962047
2.0,6.0,4.0,0.0,63.0,0.0,4.0,3.0,2.0,0.0,3.0,3.0,44.0,2.0,2.0,1.0,2.0,0.0,1.0,0.0,0.0,0,374.5782060640941
1.0,13.0,2.0,3.0,352.0,4.0,1.0,3.0,1.0,0.0,2.0,0.0,8.0,2.0,0.0,0.0,2.0,0.0,0.0,0.0,1.0,0,84.8714398620331
0.0,8.0,4.0,0.0,396.0,0.0,2.0,3.0,2.0,0.0,1.0,1.0,11.0,2.0,1.0,1.0,2.0,0.0,0.0,0.0,0.0,0,41.30709021234081
0.0,8.0,2.0,4.0,44.0,0.0,2.0,3.0,3.0,0.0,1.0,0.0,21.0,2.0,1.0,0.0,1.0,0.0,0.0,0.0,0.0,0,392.4963790620369
1.0,8.0,2.0,6.0,28.0,0.0,2.0,3.0,2.0,0.0,1.0,2.0,11.0,2.0,1.0,0.0,2.0,0.0,0.0,0.0,1.0,0,408.4900652263137
1.0,8.0,4.0,1.0,335.0,0.0,0.0,3.0,2.0,0.0,1.0,2.0,15.0,2.0,1.0,1.0,3.0,0.0,1.0,0.0,0.0,0,101.65392079356172
0.0,8.0,4.0,0.0,616.0,0.0,2.0,2.0,1.0,1.0,1.0,0.0,10.0,2.0,1.0,1.0,2.0,0.0,0.0,0.0,1.0,0,179.8305372361429
1.0,29.0,2.0,0.0,861.0,4.0,3.0,0.0,1.0,0.0,1.0,2.0,5.0,2.0,1.0,0.0,2.0,0.0,0.0,0.0,0.0,0,425.0435357182502
0.0,23.0,3.0,7.0,812.0,0.0,2.0,3.0,2.0,0.0,2.0,1.0,10.0,1.0,1.0,0.0,2.0,0.0,1.0,0.0,1.0,0,375.7828632213807
3.0,11.0,2.0,3.0,508.0,0.0,1.0,1.0,2.0,0.0,2.0,1.0,8.0,0.0,1.0,1.0,1.0,0.0,0.0,0.0,0.0,0,72.13587824643163
3.0,13.0,2.0,3.0,373.0,0.0,2.0,3.0,2.0,0.0,3.0,3.0,28.0,0.0,2.0,1.0,2.0,0.0,0.0,0.0,0.0,0,64.67156835882744
3.0,31.0,2.0,4.0,882.0,1.0,3.0,1.0,1.0,0.0,3.0,0.0,2.0,2.0,1.0,0.0,2.0,0.0,1.0,0.0,0.0,0,446.1581012213752
3.0,8.0,4.0,4.0,170.0,4.0,4.0,3.0,1.0,0.0,1.0,0.0,19.0,2.0,1.0,1.0,2.0,0.0,1.0,0.0,0.0,0,266.52395431939055
3.0,19.0,3.0,1.0,863.0,3.0,2.0,1.0,2.0,0.0,1.0,2.0,8.0,2.0,1.0,1.0,2.0,0.0,0.0,0.0,0.0,0,426.7146704105677
1.0,8.0,2.0,4.0,61.0,2.0,2.0,3.0,2.0,0.0,2.0,0.0,47.0,2.0,1.0,0.0,1.0,0.0,0.0,0.0,1.0,0,376.7502013620807
1.0,11.0,4.0,4.0,511.0,4.0,3.0,3.0,2.0,2.0,1.0,0.0,16.0,0.0,1.0,2.0,2.0,0.0,1.0,0.0,0.0,0,74.80132705178326
2.0,8.0,2.0,4.0,340.0,0.0,2.0,1.0,1.0,0.0,1.0,2.0,25.0,2.0,0.0,0.0,1.0,0.0,1.0,0.0,0.0,0,97.03588513652424
2.0,2.0,2.0,0.0,47.0,3.0,1.0,1.0,3.0,0.0,1.0,0.0,8.0,2.0,1.0,0.0,0.0,0.0,0.0,1.0,0.0,0,389.69369452868546
1.0,23.0,2.0,4.0,728.0,0.0,1.0,3.0,1.0,0.0,0.0,3.0,11.0,2.0,1.0,0.0,3.0,0.0,1.0,0.0,0.0,0,291.8079245052916
0.0,19.0,2.0,4.0,606.0,0.0,2.0,2.0,2.0,0.0,1.0,2.0,8.0,2.0,1.0,0.0,3.0,0.0,0.0,0.0,0.0,0,169.88251705278194
0.0,13.0,2.0,3.0,469.0,0.0,2.0,1.0,2.0,0.0,1.0,2.0,3.0,2.0,1.0,0.0,2.0,0.0,0.0,0.0,1.0,0,35.138835512301604
3.0,15.0,4.0,3.0,432.0,0.0,1.0,3.0,1.0,0.0,3.0,1.0,4.0,2.0,1.0,0.0,2.0,0.0,1.0,0.0,0.0,0,13.12489896605985
1.0,29.0,1.0,9.0,625.0,1.0,3.0,3.0,2.0,0.0,1.0,2.0,11.0,2.0,1.0,0.0,2.0,0.0,0.0,0.0,0.0,0,189.38844177811504
0.0,2.0,4.0,0.0,74.0,0.0,4.0,0.0,1.0,0.0,3.0,3.0,20.0,2.0,1.0,1.0,2.0,0.0,1.0,0.0,0.0,0,362.65672594130984
3.0,8.0,4.0,0.0,37.0,1.0,3.0,3.0,1.0,0.0,2.0,2.0,32.0,2.0,1.0,1.0,2.0,0.0,1.0,0.0,0.0,0,399.79724797543395
0.0,23.0,4.0,3.0,752.0,0.0,2.0,2.0,2.0,2.0,1.0,1.0,9.0,2.0,1.0,1.0,2.0,0.0,0.0,0.0,0.0,0,315.8250079599665
3.0,13.0,4.0,4.0,293.0,3.0,4.0,3.0,2.0,0.0,3.0,2.0,27.0,2.0,1.0,1.0,2.0,0.0,0.0,0.0,0.0,0,143.89506650398064
3.0,2.0,2.0,4.0,211.0,1.0,4.0,1.0,2.0,0.0,3.0,3.0,23.0,0.0,2.0,0.0,2.0,1.0,1.0,0.0,0.0,0,225.85238544299477
3.0,6.0,2.0,4.0,352.0,0.0,2.0,0.0,2.0,0.0,3.0,1.0,19.0,2.0,1.0,0.0,2.0,0.0,1.0,1.0,0.0,0,84.86707125451359
2.0,23.0,2.0,4.0,767.0,0.0,2.0,3.0,2.0,0.0,0.0,2.0,5.0,2.0,1.0,0.0,2.0,0.0,0.0,0.0,0.0,0,330.9152834179564
1.0,17.0,4.0,1.0,842.0,3.0,4.0,1.0,1.0,0.0,3.0,3.0,10.0,2.0,0.0,0.0,2.0,0.0,0.0,0.0,0.0,0,405.6741269339028
1.0,17.0,3.0,9.0,814.0,1.0,3.0,3.0,2.0,0.0,3.0,2.0,17.0,2.0,0.0,0.0,3.0,0.0,1.0,0.0,0.0,0,377.6596514002937
0.0,8.0,2.0,3.0,183.0,0.0,2.0,1.0,1.0,0.0,3.0,2.0,1.0,2.0,0.0,0.0,2.0,0.0,0.0,0.0,1.0,0,253.92199902003648
0.0,8.0,1.0,8.0,3.0,0.0,4.0,3.0,3.0,0.0,0.0,2.0,26.0,0.0,1.0,0.0,1.0,0.0,0.0,0.0,0.0,0,433.61123439324774
1.0,17.0,2.0,0.0,618.0,1.0,3.0,1.0,2.0,0.0,2.0,2.0,19.0,0.0,1.0,1.0,2.0,0.0,1.0,0.0,0.0,0,181.700835149541
3.0,2.0,4.0,4.0,345.0,4.0,2.0,0.0,2.0,0.0,1.0,0.0,15.0,2.0,1.0,1.0,1.0,1.0,0.0,0.0,0.0,0,92.253511538701
3.0,17.0,4.0,4.0,538.0,1.0,4.0,2.0,2.0,0.0,3.0,0.0,17.0,2.0,1.0,0.0,2.0,1.0,1.0,0.0,0.0,0,101.71578721115311
3.0,13.0,4.0,0.0,118.0,0.0,1.0,3.0,1.0,0.0,0.0,1.0,11.0,2.0,1.0,1.0,2.0,0.0,0.0,0.0,0.0,0,318.48315449822513
3.0,11.0,2.0,5.0,177.0,2.0,3.0,3.0,2.0,0.0,2.0,1.0,17.0,2.0,1.0,1.0,2.0,0.0,1.0,0.0,0.0,0,259.4407440463884
1.0,6.0,2.0,0.0,825.0,0.0,0.0,1.0,2.0,0.0,3.0,3.0,50.0,0.0,2.0,0.0,3.0,0.0,1.0,0.0,0.0,0,390.19932220328013
3.0,23.0,2.0,0.0,85.0,2.0,4.0,3.0,2.0,0.0,3.0,1.0,17.0,2.0,1.0,0.0,2.0,0.0,0.0,0.0,0.0,0,351.56871199727817
3.0,2.0,2.0,3.0,550.0,2.0,2.0,0.0,2.0,0.0,1.0,2.0,13.0,2.0,1.0,0.0,2.0,0.0,1.0,0.0,0.0,0,114.2469362374358
0.0,13.0,2.0,3.0,132.0,0.0,0.0,3.0,1.0,0.0,1.0,2.0,14.0,2.0,1.0,0.0,2.0,0.0,0.0,0.0,1.0,0,304.4370746087104
1.0,7.0,2.0,3.0,292.0,3.0,1.0,3.0,1.0,0.0,0.0,0.0,1.0,2.0,1.0,0.0,2.0,0.0,0.0,0.0,0.0,0,145.36156180576845
3.0,17.0,2.0,3.0,676.0,0.0,3.0,1.0,1.0,0.0,3.0,1.0,6.0,2.0,0.0,0.0,2.0,0.0,1.0,0.0,0.0,0,239.83531000821463
1.0,17.0,4.0,9.0,357.0,0.0,4.0,3.0,0.0,0.0,3.0,0.0,12.0,2.0,1.0,1.0,2.0,0.0,1.0,0.0,1.0,0,79.87272126402503
0.0,11.0,0.0,0.0,97.0,0.0,4.0,3.0,2.0,0.0,2.0,2.0,14.0,2.0,0.0,1.0,2.0,1.0,0.0,0.0,1.0,0,339.4664433553883
3.0,8.0,2.0,3.0,60.0,0.0,2.0,3.0,1.0,0.0,0.0,0.0,7.0,2.0,1.0,0.0,2.0,0.0,1.0,0.0,0.0,0,376.5675416986022
1.0,17.0,3.0,3.0,386.0,0.0,0.0,2.0,1.0,0.0,1.0,1.0,15.0,2.0,1.0,0.0,3.0,0.0,1.0,0.0,1.0,0,50.64354130590963
1.0,4.0,2.0,4.0,237.0,0.0,2.0,3.0,2.0,2.0,1.0,0.0,14.0,2.0,1.0,0.0,2.0,0.0,0.0,1.0,0.0,0,199.6714330622407
0.0,15.0,3.0,7.0,605.0,0.0,1.0,1.0,2.0,0.0,0.0,1.0,7.0,2.0,1.0,1.0,2.0,0.0,0.0,0.0,1.0,0,168.90173078039038
0.0,8.0,2.0,3.0,485.0,0.0,2.0,1.0,0.0,0.0,0.0,2.0,23.0,2.0,1.0,0.0,2.0,0.0,0.0,0.0,0.0,0,49.54683857939874
0.0,2.0,4.0,4.0,2.0,2.0,4.0,3.0,2.0,0.0,3.0,2.0,33.0,2.0,1.0,1.0,2.0,0.0,0.0,0.0,0.0,0,434.91516861134664
3.0,8.0,2.0,4.0,367.0,0.0,3.0,3.0,2.0,0.0,1.0,2.0,12.0,2.0,0.0,1.0,3.0,1.0,1.0,0.0,0.0,0,69.80402548658802
0.0,15.0,4.0,0.0,19.0,0.0,4.0,3.0,2.0,0.0,3.0,0.0,46.0,2.0,1.0,1.0,2.0,0.0,0.0,0.0,0.0,0,418.53043138217447
3.0,23.0,3.0,9.0,877.0,0.0,1.0,0.0,0.0,0.0,0.0,2.0,9.0,2.0,1.0,1.0,2.0,0.0,0.0,0.0,1.0,0,440.8006623179797
1.0,23.0,3.0,9.0,706.0,0.0,2.0,1.0,0.0,0.0,1.0,0.0,11.0,1.0,1.0,1.0,3.0,0.0,1.0,0.0,1.0,0,269.88066612965196
0.0,15.0,1.0,0.0,302.0,4.0,2.0,3.0,2.0,0.0,1.0,1.0,21.0,2.0,1.0,1.0,1.0,1.0,0.0,0.0,1.0,0,134.6289916068034
3.0,17.0,4.0,3.0,653.0,3.0,2.0,3.0,2.0,0.0,3.0,0.0,31.0,2.0,1.0,0.0,2.0,0.0,1.0,0.0,0.0,0,217.17852843580488
1.0,13.0,4.0,0.0,78.0,0.0,4.0,3.0,2.0,0.0,3.0,2.0,17.0,0.0,1.0,0.0,2.0,1.0,1.0,0.0,1.0,0,358.4470345277837
3.0,11.0,4.0,4.0,216.0,0.0,2.0,3.0,2.0,0.0,1.0,1.0,12.0,2.0,1.0,1.0,2.0,0.0,0.0,0.0,0.0,0,220.47506229712272
1.0,5.0,1.0,1.0,742.0,0.0,4.0,1.0,1.0,0.0,3.0,3.0,51.0,0.0,2.0,0.0,3.0,1.0,1.0,0.0,1.0,0,307.7651044025309
0.0,8.0,2.0,4.0,36.0,1.0,3.0,3.0,3.0,0.0,0.0,1.0,1.0,2.0,1.0,0.0,2.0,0.0,0.0,0.0,1.0,0,400.73592197156694
1.0,13.0,0.0,3.0,588.0,0.0,2.0,0.0,1.0,0.0,3.0,2.0,14.0,0.0,1.0,1.0,2.0,0.0,1.0,0.0,0.0,0,151.6639909713843
3.0,17.0,2.0,9.0,713.0,3.0,2.0,1.0,2.0,0.0,2.0,1.0,35.0,2.0,1.0,2.0,3.0,0.0,1.0,0.0,1.0,0,277.35532320551573
1.0,29.0,0.0,9.0,659.0,1.0,3.0,3.0,2.0,0.0,3.0,3.0,15.0,2.0,2.0,0.0,1.0,1.0,0.0,0.0,1.0,0,223.24008407515475
1.0,19.0,2.0,9.0,669.0,0.0,2.0,3.0,2.0,0.0,1.0,2.0,17.0,2.0,1.0,0.0,2.0,1.0,1.0,0.0,1.0,0,232.7400014683102
3.0,2.0,2.0,4.0,393.0,0.0,3.0,1.0,3.0,0.0,1.0,0.0,10.0,2.0,0.0,0.0,2.0,0.0,0.0,0.0,0.0,0,45.401397219342265
1.0,27.0,2.0,4.0,559.0,1.0,2.0,3.0,2.0,2.0,3.0,1.0,2.0,2.0,0.0,0.0,2.0,0.0,0.0,0.0,1.0,0,124.14267743221669
1.0,5.0,4.0,7.0,261.0,0.0,4.0,1.0,1.0,0.0,2.0,2.0,15.0,2.0,1.0,1.0,3.0,0.0,1.0,0.0,1.0,0,175.68643241660828
3.0,2.0,4.0,4.0,226.0,0.0,2.0,0.0,1.0,0.0,0.0,2.0,9.0,2.0,1.0,1.0,2.0,0.0,1.0,0.0,0.0,0,210.86883759150405
1.0,8.0,2.0,3.0,98.0,1.0,1.0,3.0,1.0,0.0,3.0,2.0,8.0,0.0,0.0,3.0,2.0,0.0,0.0,0.0,1.0,0,338.57062703336175
1.0,17.0,2.0,1.0,519.0,4.0,4.0,3.0,2.0,0.0,3.0,3.0,17.0,0.0,2.0,0.0,2.0,0.0,1.0,0.0,0.0,0,82.84204845718969
1.0,13.0,3.0,3.0,699.0,0.0,4.0,3.0,0.0,0.0,2.0,3.0,21.0,2.0,1.0,0.0,3.0,0.0,1.0,0.0,1.0,0,262.6674127764791
3.0,5.0,4.0,7.0,93.0,2.0,4.0,3.0,2.0,0.0,1.0,2.0,33.0,2.0,1.0,1.0,2.0,0.0,1.0,0.0,0.0,0,343.97813180186114
0.0,8.0,2.0,0.0,141.0,0.0,2.0,3.0,3.0,0.0,2.0,0.0,8.0,2.0,1.0,0.0,1.0,0.0,0.0,0.0,0.0,0,295.6010138991067
3.0,19.0,3.0,9.0,741.0,0.0,3.0,2.0,2.0,0.0,3.0,2.0,7.0,2.0,1.0,1.0,2.0,0.0,0.0,0.0,0.0,0,304.83085706932
0.0,8.0,2.0,8.0,83.0,0.0,3.0,3.0,3.0,0.0,3.0,1.0,2.0,2.0,0.0,0.0,2.0,0.0,0.0,0.0,1.0,0,353.7689545066325
3.0,8.0,4.0,0.0,259.0,0.0,4.0,3.0,2.0,0.0,0.0,0.0,19.0,2.0,1.0,1.0,1.0,1.0,0.0,0.0,0.0,0,177.5997548098385
3.0,8.0,4.0,3.0,357.0,0.0,4.0,3.0,2.0,0.0,3.0,0.0,24.0,2.0,1.0,2.0,2.0,0.0,1.0,0.0,0.0,0,80.11363610722178
1.0,8.0,4.0,5.0,240.0,0.0,3.0,3.0,2.0,0.0,2.0,1.0,7.0,2.0,1.0,0.0,2.0,0.0,0.0,0.0,0.0,0,196.70658997909777
0.0,17.0,2.0,9.0,800.0,0.0,2.0,1.0,3.0,0.0,1.0,2.0,2.0,1.0,1.0,0.0,1.0,0.0,0.0,0.0,0.0,0,363.9278814686865
3.0,8.0,2.0,1.0,236.0,3.0,3.0,2.0,2.0,0.0,1.0,1.0,36.0,2.0,1.0,0.0,2.0,0.0,0.0,1.0,0.0,0,201.5317077925761
3.0,5.0,4.0,4.0,566.0,4.0,2.0,0.0,2.0,0.0,1.0,0.0,14.0,2.0,1.0,1.0,2.0,1.0,0.0,0.0,0.0,0,129.96340118860738
3.0,23.0,2.0,4.0,658.0,4.0,4.0,1.0,1.0,0.0,3.0,0.0,26.0,2.0,1.0,0.0,1.0,0.0,1.0,0.0,0.0,0,222.07295325405065
2.0,21.0,3.0,9.0,348.0,0.0,4.0,3.0,2.0,0.0,3.0,0.0,47.0,2.0,1.0,0.0,3.0,0.0,1.0,0.0,1.0,0,94.26775778833084
3.0,23.0,4.0,4.0,592.0,4.0,4.0,3.0,2.0,0.0,1.0,2.0,32.0,2.0,1.0,0.0,2.0,0.0,1.0,0.0,0.0,0,156.77536694058594
1.0,2.0,4.0,8.0,92.0,4.0,3.0,0.0,1.0,0.0,2.0,1.0,20.0,2.0,1.0,1.0,1.0,0.0,0.0,0.0,0.0,0,344.6841619423773
0.0,13.0,0.0,9.0,570.0,0.0,3.0,2.0,2.0,0.0,0.0,1.0,12.0,0.0,1.0,0.0,2.0,0.0,1.0,0.0,0.0,0,133.83307322653235
2.0,23.0,2.0,4.0,667.0,0.0,2.0,1.0,2.0,0.0,1.0,0.0,4.0,2.0,1.0,0.0,2.0,0.0,1.0,0.0,0.0,0,231.103111673654
0.0,17.0,2.0,3.0,557.0,0.0,2.0,1.0,0.0,0.0,1.0,0.0,5.0,2.0,0.0,0.0,1.0,0.0,0.0,0.0,0.0,0,121.17959472095386
3.0,6.0,2.0,0.0,218.0,0.0,2.0,1.0,1.0,0.0,3.0,2.0,45.0,2.0,1.0,0.0,2.0,0.0,1.0,0.0,0.0,0,220.5177698088478
1.0,8.0,2.0,4.0,25.0,0.0,1.0,3.0,3.0,2.0,0.0,0.0,7.0,0.0,1.0,0.0,1.0,0.0,0.0,0.0,0.0,0,411.5648020807493
0.0,8.0,2.0,7.0,150.0,4.0,2.0,3.0,1.0,0.0,3.0,1.0,4.0,0.0,0.0,0.0,2.0,0.0,1.0,0.0,0.0,0,286.76398071471186
3.0,8.0,2.0,4.0,45.0,0.0,2.0,3.0,2.0,0.0,1.0,0.0,11.0,0.0,1.0,1.0,2.0,0.0,0.0,0.0,0.0,0,391.49183306087866
3.0,17.0,3.0,9.0,550.0,4.0,2.0,3.0,2.0,0.0,3.0,0.0,13.0,2.0,1.0,1.0,2.0,1.0,1.0,0.0,0.0,0,113.89494195599136
3.0,11.0,2.0,1.0,718.0,0.0,2.0,2.0,2.0,0.0,1.0,2.0,11.0,2.0,1.0,0.0,2.0,0.0,1.0,0.0,0.0,0,281.6620898164194
3.0,23.0,0.0,6.0,493.0,0.0,2.0,3.0,2.0,0.0,1.0,2.0,8.0,2.0,1.0,1.0,2.0,0.0,0.0,0.0,0.0,0,58.08393741717024
0.0,8.0,2.0,3.0,847.0,0.0,4.0,3.0,2.0,0.0,3.0,3.0,34.0,2.0,2.0,0.0,3.0,0.0,1.0,0.0,1.0,0,411.0482731498778
3.0,5.0,2.0,4.0,254.0,0.0,3.0,3.0,2.0,0.0,1.0,2.0,3.0,2.0,1.0,0.0,2.0,0.0,0.0,0.0,1.0,0,183.0778567999015
0.0,17.0,2.0,3.0,577.0,0.0,1.0,3.0,2.0,0.0,0.0,3.0,3.0,0.0,2.0,0.0,2.0,0.0,0.0,0.0,0.0,0,141.28067701367917
2.0,23.0,2.0,4.0,692.0,0.0,2.0,3.0,2.0,0.0,1.0,2.0,7.0,2.0,1.0,0.0,2.0,0.0,0.0,0.0,1.0,0,255.9295321734431
3.0,5.0,2.0,0.0,475.0,2.0,4.0,1.0,2.0,0.0,3.0,3.0,32.0,2.0,2.0,0.0,1.0,0.0,0.0,0.0,0.0,0,42.98539466060915
3.0,8.0,2.0,4.0,403.0,1.0,3.0,2.0,2.0,0.0,0.0,3.0,16.0,2.0,1.0,0.0,2.0,0.0,0.0,0.0,0.0,0,34.00022673025753
1.0,13.0,2.0,4.0,75.0,0.0,2.0,3.0,3.0,2.0,1.0,0.0,6.0,2.0,1.0,0.0,1.0,0.0,0.0,0.0,0.0,0,361.5609804926228
3.0,0.0,4.0,4.0,279.0,0.0,3.0,1.0,2.0,0.0,0.0,0.0,23.0,2.0,1.0,2.0,1.0,1.0,0.0,0.0,0.0,0,158.20170123507907
0.0,17.0,2.0,4.0,327.0,0.0,0.0,3.0,2.0,0.0,1.0,2.0,11.0,1.0,1.0,0.0,3.0,1.0,0.0,0.0,1.0,0,109.6423847883724
3.0,8.0,4.0,4.0,189.0,0.0,2.0,3.0,1.0,0.0,1.0,1.0,16.0,2.0,1.0,1.0,2.0,0.0,0.0,0.0,0.0,0,247.48740163047967
0.0,21.0,2.0,4.0,479.0,0.0,4.0,0.0,2.0,2.0,2.0,1.0,20.0,2.0,1.0,0.0,2.0,1.0,0.0,0.0,0.0,0,43.6352375848746
0.0,17.0,2.0,0.0,86.0,4.0,4.0,3.0,1.0,0.0,1.0,2.0,10.0,0.0,1.0,0.0,2.0,0.0,0.0,0.0,1.0,0,350.5215832647717
3.0,2.0,2.0,4.0,297.0,0.0,3.0,2.0,2.0,0.0,1.0,1.0,32.0,2.0,1.0,0.0,2.0,1.0,0.0,0.0,0.0,0,140.83561637425905
0.0,29.0,0.0,1.0,715.0,0.0,4.0,2.0,2.0,0.0,3.0,3.0,5.0,2.0,2.0,1.0,2.0,1.0,0.0,0.0,1.0,0,279.27904540164883
3.0,8.0,4.0,9.0,144.0,0.0,2.0,2.0,1.0,0.0,1.0,0.0,8.0,2.0,1.0,1.0,2.0,0.0,0.0,0.0,0.0,0,292.635455930499
3.0,8.0,1.0,8.0,611.0,2.0,2.0,3.0,1.0,0.0,2.0,0.0,16.0,2.0,1.0,0.0,1.0,1.0,0.0,0.0,0.0,0,174.76982784401974
3.0,17.0,2.0,9.0,176.0,0.0,3.0,3.0,2.0,0.0,0.0,0.0,6.0,2.0,1.0,0.0,2.0,0.0,1.0,0.0,0.0,0,260.70019563926695
3.0,8.0,4.0,4.0,48.0,0.0,4.0,3.0,2.0,0.0,3.0,0.0,33.0,2.0,1.0,2.0,2.0,0.0,0.0,0.0,0.0,0,388.84734798646343
2.0,17.0,2.0,3.0,353.0,0.0,2.0,1.0,2.0,0.0,1.0,0.0,7.0,2.0,1.0,0.0,2.0,0.0,0.0,0.0,0.0,0,83.98376301718054
3.0,13.0,2.0,4.0,12.0,0.0,0.0,2.0,1.0,1.0,3.0,0.0,3.0,2.0,0.0,0.0,2.0,0.0,0.0,0.0,1.0,0,424.6219296196369
0.0,2.0,4.0,0.0,34.0,3.0,3.0,2.0,1.0,0.0,3.0,0.0,20.0,2.0,1.0,1.0,1.0,0.0,1.0,0.0,0.0,0,402.6276257899327
2.0,8.0,2.0,3.0,426.0,0.0,2.0,0.0,1.0,0.0,1.0,2.0,27.0,2.0,1.0,0.0,1.0,0.0,0.0,0.0,0.0,0,16.487106332940286
3.0,17.0,3.0,3.0,688.0,1.0,2.0,1.0,2.0,0.0,2.0,1.0,16.0,2.0,1.0,1.0,2.0,0.0,0.0,0.0,0.0,0,251.62314821125432
1.0,5.0,2.0,3.0,380.0,4.0,3.0,1.0,2.0,0.0,0.0,2.0,5.0,2.0,1.0,0.0,2.0,0.0,1.0,0.0,0.0,0,58.20207749158602
1.0,31.0,3.0,4.0,830.0,4.0,2.0,0.0,2.0,0.0,0.0,0.0,8.0,2.0,1.0,0.0,1.0,0.0,0.0,0.0,0.0,0,394.0830694583744
3.0,17.0,4.0,4.0,505.0,0.0,2.0,3.0,2.0,0.0,1.0,0.0,16.0,2.0,1.0,1.0,1.0,0.0,0.0,0.0,0.0,0,68.75561648248619
0.0,8.0,1.0,4.0,407.0,0.0,2.0,3.0,0.0,0.0,0.0,3.0,10.0,2.0,2.0,0.0,2.0,0.0,0.0,0.0,1.0,0,30.79040913494377
3.0,11.0,2.0,1.0,656.0,1.0,1.0,0.0,1.0,0.0,3.0,2.0,4.0,2.0,1.0,0.0,2.0,0.0,1.0,0.0,0.0,0,219.96112052187283
3.0,7.0,4.0,4.0,136.0,1.0,0.0,3.0,1.0,0.0,3.0,0.0,38.0,2.0,1.0,2.0,1.0,0.0,0.0,0.0,0.0,0,301.32620001640186
0.0,8.0,2.0,3.0,304.0,0.0,2.0,1.0,2.0,0.0,1.0,0.0,8.0,2.0,1.0,0.0,2.0,0.0,0.0,0.0,0.0,0,132.78716107215322
0.0,17.0,2.0,4.0,300.0,0.0,4.0,3.0,1.0,0.0,3.0,2.0,36.0,2.0,1.0,0.0,2.0,0.0,0.0,0.0,0.0,0,137.9768097366571
0.0,13.0,4.0,0.0,750.0,0.0,4.0,1.0,2.0,0.0,3.0,3.0,17.0,2.0,2.0,2.0,3.0,0.0,1.0,0.0,0.0,0,313.64219676321426
3.0,6.0,4.0,0.0,165.0,0.0,4.0,2.0,2.0,0.0,3.0,0.0,13.0,2.0,1.0,1.0,1.0,1.0,0.0,1.0,0.0,0,271.5750795458419
1.0,11.0,2.0,4.0,68.0,0.0,4.0,3.0,2.0,0.0,2.0,2.0,18.0,2.0,1.0,0.0,2.0,1.0,0.0,0.0,1.0,0,368.4358070284159
3.0,23.0,4.0,9.0,787.0,4.0,4.0,3.0,2.0,0.0,3.0,0.0,17.0,2.0,1.0,1.0,2.0,0.0,0.0,0.0,0.0,0,350.7957919774995
3.0,17.0,2.0,4.0,273.0,0.0,1.0,3.0,1.0,0.0,2.0,2.0,19.0,1.0,1.0,0.0,2.0,0.0,1.0,0.0,0.0,0,163.5032853550682
3.0,17.0,2.0,4.0,106.0,4.0,4.0,3.0,2.0,0.0,1.0,2.0,6.0,2.0,1.0,1.0,2.0,0.0,0.0,0.0,0.0,0,330.60039808738225
3.0,13.0,2.0,0.0,500.0,4.0,3.0,3.0,2.0,0.0,2.0,1.0,13.0,2.0,1.0,0.0,2.0,0.0,0.0,1.0,0.0,0,63.854221867952944
3.0,8.0,4.0,3.0,231.0,2.0,3.0,2.0,1.0,0.0,3.0,2.0,18.0,2.0,0.0,0.0,2.0,0.0,1.0,0.0,0.0,0,205.5169067259308
1.0,29.0,2.0,4.0,563.0,0.0,3.0,3.0,2.0,0.0,3.0,0.0,9.0,2.0,1.0,1.0,2.0,0.0,0.0,0.0,1.0,0,127.75155364355206
3.0,5.0,2.0,4.0,507.0,0.0,2.0,0.0,2.0,0.0,1.0,0.0,13.0,2.0,1.0,0.0,2.0,1.0,0.0,0.0,0.0,0,71.23792217940775
3.0,13.0,4.0,4.0,461.0,0.0,2.0,1.0,1.0,0.0,1.0,2.0,7.0,2.0,1.0,1.0,2.0,0.0,0.0,0.0,0.0,0,26.298787152315455
0.0,8.0,2.0,3.0,177.0,4.0,4.0,1.0,0.0,0.0,3.0,1.0,30.0,2.0,1.0,0.0,1.0,0.0,1.0,0.0,0.0,0,259.8963425420008
3.0,2.0,2.0,3.0,716.0,0.0,1.0,0.0,1.0,0.0,3.0,1.0,13.0,2.0,1.0,0.0,2.0,0.0,0.0,0.0,1.0,0,279.86287536414557
3.0,17.0,2.0,4.0,346.0,1.0,2.0,3.0,2.0,0.0,3.0,2.0,10.0,2.0,0.0,0.0,3.0,0.0,1.0,0.0,0.0,0,90.7114148469249
3.0,11.0,4.0,1.0,597.0,3.0,4.0,2.0,2.0,0.0,3.0,3.0,4.0,2.0,0.0,1.0,2.0,0.0,1.0,0.0,0.0,0,161.11421918793917
3.0,8.0,2.0,3.0,291.0,0.0,2.0,3.0,2.0,0.0,1.0,0.0,31.0,2.0,1.0,0.0,2.0,0.0,0.0,0.0,0.0,0,146.32664239751503
2.0,13.0,1.0,4.0,245.0,4.0,3.0,3.0,2.0,0.0,3.0,2.0,30.0,0.0,1.0,0.0,1.0,0.0,0.0,0.0,0.0,0,191.9841998489721
3.0,11.0,4.0,3.0,267.0,4.0,4.0,3.0,2.0,0.0,3.0,1.0,44.0,2.0,1.0,0.0,2.0,0.0,0.0,0.0,0.0,0,171.8070139094121
1.0,17.0,4.0,0.0,665.0,1.0,1.0,3.0,0.0,0.0,1.0,2.0,18.0,2.0,1.0,0.0,2.0,0.0,1.0,0.0,0.0,0,228.6731352566532
0.0,29.0,2.0,1.0,727.0,0.0,3.0,3.0,2.0,0.0,2.0,1.0,7.0,2.0,1.0,0.0,2.0,1.0,0.0,0.0,0.0,0,291.15935255795284
1.0,29.0,3.0,2.0,836.0,1.0,0.0,1.0,2.0,0.0,3.0,3.0,12.0,2.0,2.0,0.0,3.0,0.0,1.0,0.0,0.0,0,399.9296467349559
1.0,8.0,2.0,4.0,123.0,0.0,2.0,3.0,1.0,2.0,3.0,0.0,30.0,2.0,1.0,1.0,2.0,0.0,1.0,0.0,0.0,0,313.796230057332
0.0,17.0,3.0,4.0,108.0,0.0,1.0,3.0,3.0,0.0,3.0,0.0,29.0,1.0,1.0,0.0,2.0,0.0,0.0,0.0,1.0,0,328.71242770377097
3.0,8.0,2.0,9.0,121.0,0.0,2.0,1.0,3.0,0.0,1.0,0.0,7.0,2.0,1.0,0.0,2.0,0.0,1.0,1.0,0.0,0,315.648091699534
1.0,23.0,2.0,1.0,874.0,0.0,1.0,0.0,3.0,0.0,3.0,2.0,9.0,2.0,0.0,0.0,3.0,0.0,1.0,0.0,1.0,0,437.76974067826
0.0,17.0,4.0,1.0,795.0,0.0,4.0,1.0,1.0,0.0,3.0,3.0,25.0,2.0,2.0,1.0,3.0,1.0,1.0,0.0,0.0,0,358.75795199944525
2.0,26.0,4.0,1.0,729.0,0.0,4.0,3.0,2.0,0.0,3.0,3.0,37.0,2.0,2.0,0.0,2.0,0.0,0.0,0.0,0.0,0,293.6523314719419
3.0,29.0,4.0,9.0,838.0,4.0,4.0,3.0,0.0,0.0,1.0,2.0,27.0,0.0,1.0,1.0,3.0,1.0,0.0,0.0,0.0,0,402.1159211060297
1.0,29.0,2.0,3.0,880.0,0.0,1.0,0.0,1.0,0.0,1.0,2.0,7.0,2.0,1.0,0.0,2.0,0.0,1.0,0.0,1.0,0,443.9608679760533
3.0,8.0,2.0,1.0,719.0,4.0,1.0,0.0,1.0,0.0,3.0,2.0,1.0,2.0,0.0,0.0,2.0,0.0,0.0,0.0,0.0,0,283.0788775106251
3.0,6.0,2.0,0.0,186.0,4.0,4.0,3.0,2.0,1.0,1.0,1.0,26.0,2.0,1.0,0.0,1.0,0.0,0.0,1.0,0.0,0,250.7874825379909
3.0,13.0,2.0,3.0,477.0,0.0,2.0,2.0,2.0,0.0,3.0,0.0,24.0,2.0,1.0,0.0,2.0,0.0,1.0,0.0,0.0,0,41.49723238785555
1.0,15.0,4.0,3.0,513.0,3.0,3.0,2.0,2.0,0.0,1.0,2.0,13.0,2.0,1.0,1.0,2.0,0.0,1.0,0.0,0.0,0,76.71668852571722
3.0,2.0,2.0,0.0,35.0,0.0,0.0,0.0,1.0,0.0,3.0,0.0,35.0,2.0,1.0,0.0,0.0,0.0,1.0,0.0,0.0,0,402.0710621856997
1.0,23.0,0.0,4.0,655.0,0.0,2.0,3.0,1.0,0.0,0.0,2.0,23.0,2.0,1.0,0.0,2.0,0.0,1.0,0.0,1.0,0,218.9482470075209
2.0,17.0,4.0,0.0,209.0,4.0,3.0,3.0,2.0,0.0,1.0,0.0,18.0,0.0,1.0,1.0,1.0,1.0,0.0,0.0,1.0,0,227.51636921915463
0.0,6.0,4.0,0.0,111.0,0.0,3.0,3.0,2.0,1.0,2.0,1.0,30.0,2.0,1.0,1.0,2.0,0.0,1.0,0.0,0.0,0,325.83547270358497
3.0,2.0,2.0,3.0,278.0,3.0,2.0,3.0,0.0,0.0,1.0,0.0,14.0,2.0,1.0,0.0,2.0,0.0,0.0,0.0,0.0,0,158.87778902308813
3.0,21.0,2.0,1.0,730.0,4.0,3.0,1.0,1.0,0.0,3.0,1.0,5.0,1.0,0.0,0.0,1.0,0.0,0.0,0.0,0.0,0,293.92435686083655
0.0,8.0,2.0,4.0,50.0,1.0,1.0,3.0,3.0,0.0,2.0,3.0,14.0,2.0,1.0,0.0,1.0,0.0,1.0,0.0,1.0,0,386.4698473229604
1.0,4.0,2.0,3.0,167.0,0.0,2.0,2.0,1.0,0.0,3.0,0.0,5.0,2.0,1.0,0.0,2.0,0.0,0.0,0.0,1.0,0,269.8074009267515
1.0,5.0,2.0,0.0,1.0,0.0,2.0,3.0,3.0,0.0,3.0,0.0,3.0,2.0,0.0,0.0,1.0,0.0,0.0,0.0,0.0,0,435.7062217936518
1.0,29.0,2.0,2.0,753.0,4.0,0.0,2.0,2.0,0.0,3.0,3.0,21.0,0.0,2.0,0.0,0.0,0.0,1.0,0.0,0.0,0,317.0582985566396
3.0,17.0,2.0,3.0,757.0,1.0,2.0,3.0,2.0,0.0,0.0,2.0,6.0,1.0,1.0,0.0,2.0,0.0,0.0,0.0,0.0,0,320.7727192609381
2.0,17.0,2.0,3.0,649.0,0.0,1.0,1.0,1.0,0.0,3.0,2.0,7.0,2.0,1.0,0.0,2.0,0.0,0.0,0.0,0.0,0,212.819842561625
1.0,8.0,2.0,0.0,40.0,0.0,3.0,1.0,3.0,0.0,2.0,2.0,6.0,0.0,1.0,0.0,1.0,0.0,0.0,0.0,1.0,0,396.5967404459741
2.0,0.0,2.0,0.0,258.0,4.0,1.0,0.0,2.0,0.0,1.0,0.0,10.0,2.0,1.0,0.0,1.0,1.0,0.0,1.0,0.0,0,179.10384455023424
0.0,23.0,1.0,3.0,514.0,0.0,4.0,3.0,2.0,0.0,3.0,2.0,12.0,0.0,1.0,0.0,2.0,0.0,0.0,0.0,1.0,0,78.366376515693
0.0,8.0,2.0,3.0,46.0,0.0,2.0,1.0,2.0,2.0,2.0,1.0,19.0,2.0,1.0,0.0,1.0,1.0,0.0,0.0,0.0,0,390.47566863990846
1.0,17.0,2.0,3.0,701.0,4.0,2.0,0.0,1.0,0.0,3.0,1.0,29.0,2.0,1.0,0.0,1.0,0.0,1.0,0.0,0.0,0,264.97383671081934
3.0,8.0,4.0,7.0,44.0,0.0,2.0,3.0,2.0,0.0,1.0,2.0,13.0,2.0,1.0,1.0,2.0,0.0,0.0,0.0,0.0,0,392.4852988767339
0.0,11.0,3.0,3.0,641.0,0.0,4.0,0.0,1.0,0.0,3.0,1.0,8.0,2.0,1.0,1.0,1.0,0.0,0.0,0.0,0.0,0,204.7915524653781
1.0,21.0,4.0,0.0,695.0,0.0,0.0,3.0,3.0,0.0,1.0,2.0,9.0,2.0,1.0,1.0,3.0,0.0,0.0,0.0,1.0,0,258.8400888743386
0.0,17.0,2.0,4.0,359.0,0.0,1.0,3.0,0.0,0.0,2.0,1.0,13.0,2.0,1.0,0.0,2.0,0.0,0.0,0.0,1.0,0,77.61301093169632
0.0,17.0,2.0,1.0,543.0,0.0,3.0,1.0,2.0,0.0,0.0,3.0,15.0,2.0,2.0,0.0,3.0,0.0,1.0,0.0,0.0,0,106.74643340548734
0.0,13.0,2.0,3.0,499.0,3.0,2.0,3.0,2.0,0.0,1.0,2.0,9.0,2.0,1.0,0.0,2.0,0.0,0.0,0.0,0.0,0,63.04303342066589
3.0,13.0,4.0,0.0,109.0,0.0,2.0,3.0,1.0,0.0,2.0,0.0,17.0,2.0,1.0,1.0,2.0,0.0,0.0,0.0,0.0,0,327.4427699385435
0.0,4.0,4.0,0.0,603.0,0.0,3.0,0.0,2.0,0.0,3.0,0.0,20.0,2.0,1.0,1.0,1.0,0.0,0.0,1.0,0.0,0,166.9952951195324
3.0,8.0,4.0,3.0,764.0,4.0,4.0,1.0,2.0,0.0,3.0,1.0,30.0,2.0,0.0,0.0,2.0,0.0,1.0,0.0,0.0,0,327.97269550035213
3.0,17.0,2.0,0.0,269.0,3.0,3.0,3.0,1.0,0.0,2.0,2.0,15.0,2.0,1.0,0.0,2.0,1.0,1.0,0.0,0.0,0,167.51127528088873
2.0,23.0,2.0,4.0,708.0,0.0,4.0,3.0,2.0,0.0,1.0,2.0,12.0,2.0,1.0,0.0,2.0,0.0,0.0,0.0,0.0,0,271.79715530162224
1.0,2.0,2.0,4.0,120.0,0.0,4.0,3.0,2.0,0.0,3.0,2.0,9.0,2.0,1.0,0.0,2.0,1.0,0.0,0.0,0.0,0,316.7071536715482
0.0,17.0,4.0,1.0,803.0,0.0,0.0,1.0,2.0,0.0,3.0,3.0,52.0,2.0,2.0,1.0,3.0,0.0,1.0,0.0,0.0,0,368.4208375929828
3.0,13.0,4.0,7.0,336.0,1.0,2.0,3.0,1.0,0.0,1.0,0.0,11.0,2.0,1.0,1.0,2.0,0.0,0.0,0.0,1.0,0,100.63785341349376
1.0,31.0,2.0,0.0,828.0,1.0,1.0,3.0,1.0,0.0,1.0,1.0,5.0,2.0,1.0,0.0,3.0,0.0,0.0,0.0,1.0,0,392.153943224291
0.0,17.0,0.0,3.0,685.0,0.0,4.0,2.0,2.0,0.0,3.0,3.0,4.0,0.0,0.0,1.0,2.0,1.0,0.0,0.0,1.0,0,248.9437287129424
1.0,9.0,2.0,4.0,392.0,0.0,1.0,1.0,1.0,2.0,3.0,1.0,4.0,2.0,1.0,0.0,1.0,0.0,0.0,0.0,0.0,0,46.30961406323417
0.0,11.0,2.0,5.0,181.0,4.0,2.0,3.0,1.0,0.0,1.0,2.0,5.0,2.0,0.0,0.0,2.0,0.0,0.0,0.0,1.0,0,255.6888136875575
0.0,17.0,2.0,3.0,691.0,0.0,2.0,3.0,2.0,0.0,3.0,1.0,9.0,2.0,1.0,0.0,2.0,0.0,0.0,0.0,0.0,0,254.72115713071472
1.0,6.0,2.0,3.0,268.0,0.0,2.0,3.0,0.0,0.0,1.0,2.0,12.0,2.0,1.0,0.0,1.0,0.0,0.0,0.0,0.0,0,168.6446270541604
1.0,17.0,4.0,7.0,761.0,0.0,1.0,1.0,1.0,0.0,3.0,3.0,5.0,2.0,2.0,1.0,2.0,0.0,1.0,0.0,0.0,0,324.830934514603
0.0,15.0,2.0,3.0,633.0,0.0,3.0,0.0,1.0,0.0,3.0,2.0,7.0,2.0,0.0,0.0,1.0,0.0,0.0,0.0,0.0,0,196.82847498928191
1.0,13.0,2.0,4.0,584.0,2.0,1.0,0.0,3.0,0.0,2.0,0.0,6.0,2.0,0.0,0.0,2.0,0.0,0.0,0.0,0.0,0,147.96212951441117
1.0,13.0,2.0,9.0,704.0,0.0,4.0,0.0,2.0,1.0,0.0,0.0,14.0,0.0,1.0,0.0,3.0,0.0,1.0,0.0,0.0,0,267.6928022207955
2.0,6.0,2.0,0.0,672.0,0.0,1.0,0.0,2.0,2.0,0.0,1.0,18.0,2.0,1.0,0.0,1.0,1.0,0.0,0.0,0.0,0,235.7781169294968
3.0,11.0,4.0,4.0,249.0,0.0,2.0,3.0,1.0,0.0,1.0,2.0,24.0,2.0,1.0,0.0,1.0,0.0,0.0,0.0,0.0,0,187.62820201803052
1.0,9.0,4.0,4.0,77.0,0.0,1.0,3.0,2.0,2.0,3.0,0.0,4.0,2.0,1.0,1.0,2.0,0.0,0.0,0.0,0.0,0,359.6525300463079
1.0,17.0,2.0,4.0,651.0,2.0,0.0,0.0,1.0,0.0,3.0,3.0,4.0,2.0,0.0,0.0,0.0,0.0,0.0,0.0,0.0,0,214.994562033905
3.0,2.0,3.0,9.0,312.0,1.0,2.0,0.0,2.0,0.0,1.0,0.0,15.0,2.0,1.0,1.0,1.0,0.0,0.0,0.0,0.0,0,125.11146048038908
1.0,5.0,4.0,7.0,133.0,3.0,4.0,3.0,2.0,0.0,2.0,3.0,13.0,2.0,2.0,1.0,2.0,1.0,0.0,0.0,1.0,0,303.59060024298026
3.0,5.0,2.0,5.0,166.0,0.0,1.0,0.0,1.0,0.0,3.0,0.0,4.0,2.0,0.0,0.0,2.0,0.0,1.0,0.0,0.0,0,270.8333826248169
1.0,5.0,2.0,3.0,100.0,0.0,2.0,0.0,1.0,0.0,1.0,2.0,10.0,2.0,1.0,0.0,2.0,0.0,0.0,1.0,1.0,0,336.5817435905443
3.0,13.0,4.0,1.0,585.0,4.0,0.0,1.0,2.0,0.0,3.0,3.0,19.0,2.0,1.0,0.0,3.0,0.0,1.0,0.0,0.0,0,148.72819451022983
0.0,8.0,0.0,4.0,780.0,0.0,2.0,3.0,2.0,0.0,1.0,1.0,9.0,2.0,0.0,1.0,2.0,0.0,1.0,0.0,1.0,0,343.72462286577377
3.0,6.0,2.0,7.0,50.0,2.0,4.0,3.0,2.0,0.0,3.0,3.0,27.0,2.0,2.0,0.0,2.0,0.0,1.0,0.0,0.0,0,386.67787452901854
1.0,17.0,2.0,0.0,173.0,0.0,1.0,3.0,2.0,0.0,1.0,0.0,4.0,1.0,1.0,0.0,1.0,0.0,0.0,0.0,1.0,0,263.73751151298586
3.0,8.0,4.0,4.0,446.0,4.0,4.0,0.0,2.0,1.0,3.0,0.0,30.0,2.0,1.0,0.0,2.0,0.0,1.0,0.0,0.0,0,18.643724204412937
3.0,23.0,3.0,4.0,707.0,0.0,2.0,3.0,2.0,0.0,1.0,2.0,7.0,2.0,1.0,1.0,3.0,0.0,1.0,0.0,1.0,0,270.91659549778166
3.0,8.0,2.0,4.0,62.0,0.0,2.0,3.0,3.0,0.0,1.0,0.0,9.0,2.0,1.0,0.0,2.0,0.0,0.0,0.0,0.0,0,374.5249142132562
0.0,21.0,2.0,3.0,462.0,0.0,3.0,3.0,1.0,0.0,3.0,0.0,4.0,2.0,0.0,0.0,2.0,0.0,0.0,0.0,1.0,0,29.367738475510016
1.0,13.0,2.0,7.0,169.0,4.0,2.0,3.0,2.0,0.0,3.0,3.0,42.0,2.0,2.0,0.0,2.0,0.0,0.0,0.0,0.0,0,268.74279802812663
2.0,8.0,2.0,4.0,604.0,4.0,4.0,1.0,2.0,0.0,2.0,2.0,18.0,2.0,1.0,0.0,3.0,0.0,0.0,0.0,0.0,0,167.74168451881883
2.0,8.0,3.0,0.0,424.0,0.0,2.0,1.0,1.0,0.0,1.0,2.0,17.0,1.0,1.0,1.0,2.0,0.0,1.0,0.0,0.0,0,14.218468660574093
3.0,2.0,2.0,3.0,316.0,0.0,2.0,0.0,3.0,0.0,1.0,1.0,2.0,2.0,0.0,0.0,2.0,0.0,0.0,0.0,0.0,0,121.79260092692738
0.0,13.0,2.0,3.0,471.0,0.0,0.0,3.0,2.0,0.0,0.0,2.0,6.0,2.0,1.0,0.0,0.0,0.0,0.0,0.0,1.0,0,36.22946252401131
3.0,8.0,2.0,9.0,277.0,0.0,3.0,1.0,2.0,0.0,3.0,2.0,17.0,2.0,1.0,0.0,2.0,0.0,1.0,0.0,0.0,0,159.63219824315692
3.0,13.0,4.0,1.0,660.0,0.0,3.0,2.0,2.0,0.0,0.0,2.0,8.0,2.0,1.0,1.0,2.0,0.0,0.0,0.0,0.0,0,223.76234437972735
0.0,13.0,2.0,3.0,642.0,0.0,1.0,0.0,1.0,0.0,3.0,2.0,3.0,2.0,0.0,0.0,2.0,0.0,0.0,0.0,0.0,0,206.02475662595756
0.0,23.0,2.0,3.0,610.0,0.0,4.0,3.0,2.0,0.0,1.0,2.0,23.0,2.0,1.0,0.0,2.0,1.0,0.0,0.0,1.0,0,174.02911554782466
1.0,13.0,2.0,3.0,554.0,0.0,3.0,1.0,1.0,0.0,3.0,0.0,21.0,2.0,0.0,0.0,2.0,0.0,0.0,0.0,0.0,0,117.74065951178076
3.0,23.0,2.0,0.0,568.0,4.0,2.0,3.0,2.0,0.0,3.0,0.0,17.0,2.0,1.0,0.0,2.0,0.0,0.0,0.0,0.0,0,132.0406937875276
3.0,13.0,4.0,4.0,774.0,0.0,4.0,2.0,2.0,0.0,3.0,2.0,14.0,2.0,1.0,1.0,2.0,0.0,1.0,0.0,0.0,0,337.6122394653675
3.0,6.0,4.0,3.0,406.0,0.0,1.0,0.0,1.0,0.0,2.0,0.0,4.0,2.0,0.0,1.0,2.0,0.0,0.0,0.0,0.0,0,33.69962907617138
0.0,29.0,1.0,9.0,840.0,0.0,3.0,1.0,1.0,2.0,3.0,2.0,18.0,2.0,0.0,0.0,2.0,0.0,0.0,0.0,1.0,0,403.9524361061852
3.0,13.0,3.0,4.0,440.0,0.0,0.0,1.0,3.0,0.0,2.0,0.0,15.0,2.0,1.0,1.0,2.0,0.0,0.0,0.0,0.0,0,5.294039405965372
3.0,3.0,3.0,4.0,73.0,4.0,4.0,2.0,2.0,0.0,3.0,3.0,17.0,2.0,2.0,0.0,2.0,0.0,0.0,0.0,0.0,0,363.5907323447846
3.0,2.0,4.0,0.0,5.0,1.0,2.0,3.0,1.0,0.0,3.0,2.0,33.0,2.0,1.0,1.0,1.0,0.0,0.0,0.0,0.0,0,431.9271316001957
0.0,14.0,2.0,3.0,415.0,4.0,3.0,3.0,2.0,0.0,3.0,2.0,20.0,2.0,1.0,0.0,2.0,0.0,1.0,0.0,0.0,0,22.18705475634507
3.0,16.0,2.0,0.0,184.0,4.0,3.0,3.0,1.0,0.0,3.0,1.0,6.0,2.0,0.0,0.0,2.0,0.0,0.0,0.0,0.0,0,252.66688196917443
2.0,8.0,2.0,0.0,203.0,0.0,1.0,3.0,2.0,0.0,0.0,0.0,7.0,2.0,1.0,0.0,2.0,0.0,0.0,0.0,0.0,0,233.68656993509785
3.0,21.0,3.0,9.0,696.0,1.0,2.0,1.0,2.0,0.0,1.0,1.0,7.0,2.0,1.0,1.0,1.0,0.0,0.0,0.0,0.0,0,259.9210810321307
3.0,13.0,4.0,4.0,421.0,0.0,2.0,1.0,1.0,0.0,0.0,2.0,6.0,2.0,1.0,1.0,2.0,0.0,0.0,0.0,0.0,0,18.591072246918053
3.0,13.0,2.0,4.0,131.0,4.0,1.0,3.0,1.0,0.0,1.0,0.0,2.0,2.0,0.0,0.0,2.0,0.0,1.0,0.0,0.0,0,305.75357877087083
1.0,13.0,4.0,3.0,826.0,0.0,0.0,3.0,2.0,0.0,3.0,1.0,21.0,1.0,1.0,1.0,3.0,0.0,1.0,0.0,0.0,0,389.643157620695
1.0,11.0,4.0,9.0,443.0,2.0,2.0,1.0,2.0,0.0,3.0,2.0,8.0,0.0,1.0,0.0,2.0,0.0,0.0,0.0,0.0,0,12.361143047485625
3.0,5.0,2.0,9.0,246.0,0.0,3.0,2.0,1.0,0.0,1.0,2.0,8.0,2.0,1.0,1.0,2.0,0.0,0.0,0.0,0.0,0,190.8595288348546
3.0,13.0,2.0,0.0,326.0,0.0,2.0,1.0,3.0,0.0,1.0,1.0,11.0,2.0,1.0,0.0,3.0,0.0,1.0,0.0,0.0,0,110.60672592822036
1.0,8.0,2.0,3.0,104.0,3.0,1.0,0.0,1.0,0.0,3.0,0.0,0.0,2.0,0.0,0.0,1.0,0.0,0.0,0.0,0.0,0,332.85684149565753
0.0,23.0,2.0,0.0,589.0,0.0,3.0,1.0,2.0,0.0,3.0,3.0,20.0,0.0,2.0,0.0,3.0,1.0,1.0,0.0,0.0,0,153.03349701929795
0.0,2.0,4.0,4.0,365.0,0.0,3.0,0.0,1.0,0.0,3.0,2.0,12.0,2.0,1.0,0.0,2.0,0.0,0.0,0.0,0.0,0,72.5252404209297
3.0,5.0,4.0,3.0,462.0,0.0,0.0,1.0,2.0,0.0,2.0,2.0,12.0,2.0,1.0,0.0,3.0,0.0,0.0,0.0,0.0,0,27.48424620931565
0.0,8.0,2.0,3.0,486.0,0.0,0.0,2.0,1.0,0.0,3.0,3.0,36.0,2.0,2.0,0.0,3.0,0.0,0.0,0.0,0.0,0,53.97408067709537
0.0,23.0,4.0,3.0,450.0,0.0,2.0,2.0,3.0,0.0,1.0,1.0,27.0,2.0,1.0,1.0,2.0,0.0,1.0,0.0,0.0,0,20.225209752352097
1.0,8.0,2.0,0.0,161.0,0.0,4.0,0.0,0.0,0.0,0.0,0.0,27.0,2.0,0.0,1.0,2.0,0.0,0.0,0.0,1.0,0,275.7444366140117
3.0,17.0,4.0,4.0,266.0,3.0,2.0,3.0,1.0,0.0,0.0,0.0,24.0,2.0,1.0,1.0,1.0,0.0,0.0,0.0,0.0,0,170.68813335897883
3.0,13.0,2.0,4.0,252.0,0.0,1.0,2.0,3.0,0.0,3.0,0.0,20.0,2.0,1.0,0.0,2.0,0.0,1.0,0.0,0.0,0,184.4875009512609
1.0,13.0,4.0,9.0,343.0,4.0,2.0,3.0,3.0,0.0,3.0,0.0,9.0,0.0,1.0,1.0,2.0,0.0,0.0,0.0,0.0,0,93.94247626128208
3.0,17.0,3.0,9.0,864.0,0.0,1.0,1.0,2.0,0.0,1.0,2.0,8.0,0.0,1.0,1.0,2.0,0.0,1.0,0.0,1.0,0,427.7269445080436
3.0,10.0,3.0,0.0,68.0,0.0,2.0,3.0,2.0,0.0,1.0,2.0,8.0,2.0,1.0,1.0,1.0,0.0,0.0,0.0,0.0,0,368.534058980495
1.0,13.0,3.0,0.0,541.0,4.0,4.0,3.0,2.0,0.0,3.0,2.0,24.0,2.0,1.0,0.0,2.0,1.0,0.0,0.0,0.0,0,105.04161530236964
1.0,17.0,2.0,4.0,382.0,0.0,1.0,0.0,3.0,0.0,0.0,1.0,3.0,2.0,1.0,0.0,2.0,0.0,1.0,0.0,1.0,0,56.14092899087791
3.0,17.0,4.0,1.0,413.0,4.0,3.0,3.0,2.0,0.0,3.0,2.0,24.0,2.0,1.0,1.0,2.0,1.0,1.0,0.0,0.0,0,25.499194222977877
0.0,11.0,2.0,4.0,117.0,0.0,1.0,3.0,3.0,0.0,1.0,0.0,8.0,2.0,1.0,0.0,2.0,0.0,0.0,1.0,0.0,0,319.535775210063
3.0,17.0,2.0,4.0,587.0,2.0,4.0,2.0,0.0,0.0,1.0,2.0,7.0,2.0,1.0,0.0,3.0,0.0,1.0,0.0,0.0,0,150.93005780032922
2.0,8.0,4.0,0.0,95.0,2.0,3.0,3.0,3.0,0.0,1.0,0.0,9.0,2.0,1.0,2.0,2.0,0.0,1.0,0.0,1.0,0,341.5569576319257
1.0,17.0,2.0,4.0,369.0,0.0,4.0,3.0,1.0,0.0,3.0,2.0,1.0,2.0,1.0,0.0,2.0,0.0,1.0,0.0,0.0,0,69.17859552508658
3.0,22.0,4.0,1.0,823.0,0.0,3.0,2.0,2.0,0.0,1.0,2.0,16.0,2.0,1.0,1.0,3.0,0.0,1.0,0.0,0.0,0,386.7020746881309
3.0,8.0,4.0,9.0,433.0,0.0,0.0,3.0,2.0,0.0,1.0,2.0,23.0,1.0,1.0,1.0,3.0,0.0,1.0,0.0,1.0,0,11.851019197270768
3.0,6.0,2.0,0.0,298.0,2.0,2.0,2.0,2.0,0.0,1.0,3.0,21.0,2.0,0.0,0.0,1.0,1.0,0.0,1.0,0.0,0,138.78685193381585
0.0,17.0,2.0,0.0,225.0,4.0,2.0,3.0,1.0,0.0,1.0,1.0,16.0,2.0,1.0,0.0,2.0,0.0,0.0,0.0,1.0,0,211.5009780662628
3.0,23.0,4.0,1.0,766.0,0.0,4.0,1.0,2.0,0.0,1.0,1.0,16.0,2.0,1.0,1.0,2.0,1.0,1.0,0.0,0.0,0,329.75273480073616
0.0,8.0,2.0,0.0,487.0,0.0,1.0,3.0,2.0,0.0,0.0,0.0,14.0,2.0,1.0,0.0,1.0,1.0,0.0,0.0,1.0,0,51.17415193672464
0.0,13.0,3.0,7.0,860.0,4.0,2.0,0.0,1.0,0.0,1.0,2.0,4.0,2.0,0.0,1.0,2.0,0.0,1.0,0.0,0.0,0,423.7944968558391
3.0,15.0,2.0,0.0,525.0,2.0,3.0,0.0,1.0,0.0,1.0,2.0,12.0,0.0,1.0,0.0,3.0,0.0,0.0,0.0,0.0,0,88.82506377487977
1.0,13.0,2.0,0.0,112.0,4.0,2.0,3.0,1.0,0.0,1.0,1.0,14.0,2.0,1.0,0.0,2.0,0.0,0.0,0.0,1.0,0,324.45224141557145
3.0,11.0,2.0,0.0,581.0,3.0,3.0,1.0,1.0,0.0,2.0,2.0,1.0,2.0,0.0,0.0,2.0,0.0,0.0,0.0,0.0,0,145.44314056085906
1.0,8.0,2.0,1.0,379.0,4.0,2.0,3.0,2.0,0.0,1.0,2.0,11.0,2.0,1.0,0.0,2.0,0.0,0.0,0.0,0.0,0,58.02918302324475
1.0,8.0,4.0,0.0,99.0,0.0,3.0,1.0,2.0,0.0,2.0,0.0,28.0,2.0,1.0,1.0,1.0,1.0,0.0,0.0,0.0,0,337.70384376944617
3.0,15.0,3.0,3.0,295.0,1.0,3.0,3.0,2.0,0.0,2.0,0.0,15.0,2.0,1.0,1.0,3.0,0.0,0.0,0.0,0.0,0,141.4460147930863
1.0,8.0,2.0,3.0,520.0,4.0,4.0,0.0,1.0,0.0,1.0,1.0,6.0,0.0,1.0,0.0,2.0,0.0,1.0,0.0,1.0,0,84.47597715564757
1.0,13.0,2.0,1.0,524.0,0.0,2.0,0.0,3.0,0.0,2.0,2.0,2.0,2.0,0.0,0.0,2.0,0.0,1.0,0.0,0.0,0,88.7643996849012
3.0,20.0,4.0,4.0,512.0,0.0,4.0,3.0,2.0,0.0,1.0,2.0,10.0,2.0,1.0,1.0,2.0,0.0,0.0,0.0,0.0,0,76.16528442446487
3.0,13.0,4.0,4.0,135.0,3.0,2.0,3.0,2.0,0.0,2.0,0.0,27.0,2.0,1.0,1.0,2.0,0.0,0.0,0.0,0.0,0,301.63623678738674
3.0,5.0,2.0,3.0,198.0,0.0,4.0,0.0,2.0,0.0,3.0,2.0,1.0,2.0,1.0,0.0,2.0,0.0,0.0,0.0,0.0,0,239.04864907991143
3.0,1.0,2.0,9.0,612.0,0.0,3.0,0.0,2.0,0.0,3.0,0.0,51.0,2.0,1.0,0.0,1.0,0.0,0.0,0.0,0.0,0,179.63580335105854
0.0,2.0,4.0,3.0,338.0,0.0,0.0,3.0,2.0,0.0,3.0,3.0,17.0,2.0,2.0,2.0,3.0,0.0,1.0,0.0,0.0,0,99.19863456306864
3.0,17.0,4.0,6.0,384.0,0.0,2.0,3.0,0.0,0.0,1.0,0.0,14.0,2.0,1.0,1.0,2.0,0.0,1.0,0.0,0.0,0,52.74007130175678
0.0,5.0,2.0,3.0,402.0,0.0,2.0,2.0,2.0,0.0,1.0,0.0,6.0,2.0,1.0,0.0,2.0,0.0,0.0,0.0,0.0,0,36.88483098030822
1.0,8.0,2.0,4.0,256.0,4.0,2.0,1.0,3.0,0.0,0.0,0.0,6.0,2.0,1.0,0.0,2.0,0.0,1.0,0.0,1.0,0,180.81432311235145
3.0,2.0,2.0,6.0,32.0,2.0,3.0,1.0,3.0,0.0,3.0,0.0,4.0,2.0,0.0,0.0,1.0,0.0,0.0,0.0,0.0,0,404.76943669858514
3.0,17.0,4.0,0.0,186.0,3.0,4.0,3.0,1.0,0.0,3.0,0.0,18.0,2.0,1.0,1.0,2.0,0.0,1.0,0.0,0.0,0,250.49807390304872
0.0,26.0,4.0,6.0,602.0,0.0,0.0,3.0,2.0,1.0,3.0,2.0,46.0,2.0,1.0,1.0,0.0,0.0,0.0,0.0,0.0,0,168.85673781076403
2.0,8.0,1.0,9.0,23.0,0.0,1.0,3.0,1.0,0.0,0.0,0.0,7.0,2.0,1.0,0.0,0.0,0.0,0.0,0.0,1.0,0,413.5992355195943
3.0,8.0,2.0,0.0,342.0,0.0,4.0,3.0,2.0,0.0,3.0,2.0,20.0,2.0,1.0,0.0,3.0,0.0,1.0,0.0,0.0,0,94.77813236096834
0.0,8.0,2.0,3.0,301.0,0.0,2.0,1.0,1.0,1.0,2.0,1.0,11.0,2.0,1.0,0.0,2.0,0.0,0.0,0.0,0.0,0,135.6345256320358
1.0,14.0,3.0,2.0,496.0,0.0,2.0,1.0,2.0,0.0,2.0,2.0,10.0,0.0,1.0,1.0,2.0,0.0,1.0,0.0,0.0,0,59.95266680340088
3.0,8.0,2.0,7.0,49.0,0.0,4.0,3.0,2.0,0.0,3.0,2.0,22.0,0.0,1.0,0.0,1.0,1.0,0.0,0.0,1.0,0,387.5333592535192
1.0,29.0,4.0,3.0,739.0,0.0,2.0,1.0,1.0,0.0,2.0,2.0,11.0,2.0,1.0,0.0,3.0,0.0,1.0,0.0,1.0,0,303.0389037602716
3.0,5.0,4.0,7.0,171.0,4.0,4.0,3.0,1.0,0.0,3.0,1.0,22.0,2.0,0.0,1.0,1.0,0.0,0.0,0.0,0.0,0,265.68146633095665
0.0,23.0,2.0,0.0,331.0,0.0,1.0,3.0,1.0,0.0,3.0,2.0,15.0,2.0,1.0,0.0,2.0,0.0,1.0,0.0,1.0,0,105.9425686836604
1.0,3.0,2.0,4.0,484.0,0.0,2.0,1.0,2.0,2.0,1.0,0.0,16.0,2.0,1.0,0.0,2.0,0.0,0.0,0.0,0.0,0,48.83741737272363
2.0,8.0,2.0,3.0,240.0,4.0,4.0,2.0,1.0,0.0,3.0,0.0,36.0,2.0,1.0,0.0,3.0,0.0,1.0,0.0,0.0,0,197.56362954162907
1.0,11.0,3.0,6.0,264.0,3.0,2.0,2.0,3.0,0.0,2.0,1.0,42.0,1.0,1.0,1.0,2.0,0.0,0.0,0.0,1.0,0,174.44466214898395
3.0,2.0,2.0,4.0,17.0,0.0,2.0,2.0,1.0,0.0,0.0,0.0,10.0,2.0,1.0,0.0,2.0,0.0,0.0,0.0,0.0,0,419.6193174984198
3.0,8.0,0.0,3.0,518.0,0.0,4.0,1.0,2.0,0.0,3.0,1.0,15.0,2.0,1.0,1.0,2.0,0.0,0.0,0.0,0.0,0,81.87793559202179
3.0,17.0,2.0,1.0,501.0,0.0,4.0,3.0,2.0,0.0,3.0,2.0,16.0,2.0,1.0,0.0,3.0,0.0,1.0,0.0,0.0,0,64.81227146322098
0.0,17.0,2.0,0.0,731.0,0.0,3.0,1.0,2.0,1.0,2.0,1.0,12.0,2.0,1.0,0.0,2.0,0.0,1.0,0.0,1.0,0,294.6687079167808
3.0,17.0,2.0,1.0,504.0,0.0,1.0,3.0,1.0,0.0,0.0,3.0,10.0,2.0,1.0,0.0,3.0,0.0,1.0,0.0,0.0,0,68.07692308666955
0.0,7.0,4.0,0.0,666.0,0.0,2.0,1.0,2.0,0.0,1.0,0.0,17.0,2.0,0.0,1.0,2.0,1.0,0.0,0.0,0.0,0,229.7352913625882
0.0,8.0,2.0,1.0,601.0,0.0,4.0,2.0,2.0,0.0,3.0,3.0,16.0,2.0,2.0,0.0,2.0,0.0,1.0,0.0,1.0,0,164.74111088475834
0.0,2.0,2.0,5.0,4.0,0.0,1.0,3.0,1.0,0.0,0.0,0.0,8.0,2.0,1.0,0.0,2.0,0.0,0.0,0.0,0.0,0,432.6514740239264
3.0,13.0,2.0,4.0,714.0,0.0,1.0,2.0,2.0,0.0,1.0,2.0,13.0,2.0,1.0,0.0,2.0,0.0,1.0,0.0,0.0,0,277.6184444358274
0.0,23.0,2.0,3.0,637.0,0.0,2.0,0.0,2.0,2.0,1.0,1.0,18.0,2.0,1.0,0.0,2.0,1.0,0.0,0.0,0.0,0,200.8618389361629
0.0,11.0,2.0,0.0,309.0,0.0,1.0,1.0,2.0,0.0,2.0,0.0,17.0,2.0,1.0,0.0,2.0,0.0,0.0,0.0,0.0,0,127.520223628671
1.0,8.0,2.0,3.0,556.0,0.0,1.0,2.0,1.0,0.0,0.0,0.0,15.0,2.0,0.0,0.0,3.0,0.0,0.0,0.0,0.0,0,119.76796431977164
1.0,8.0,2.0,8.0,57.0,4.0,4.0,3.0,2.0,0.0,3.0,1.0,19.0,2.0,1.0,1.0,2.0,0.0,0.0,0.0,0.0,0,379.51212522869054
3.0,13.0,2.0,9.0,363.0,0.0,3.0,3.0,2.0,0.0,0.0,2.0,15.0,1.0,1.0,1.0,2.0,0.0,1.0,0.0,0.0,0,73.69952022863109
0.0,17.0,3.0,4.0,305.0,0.0,1.0,3.0,1.0,0.0,1.0,2.0,10.0,2.0,0.0,0.0,1.0,0.0,1.0,0.0,1.0,0,131.62935416619686
3.0,29.0,3.0,4.0,822.0,4.0,4.0,2.0,2.0,0.0,2.0,2.0,13.0,0.0,1.0,1.0,2.0,1.0,0.0,0.0,0.0,0,385.936657714301
3.0,22.0,3.0,9.0,521.0,0.0,2.0,1.0,1.0,0.0,1.0,2.0,7.0,2.0,1.0,1.0,2.0,0.0,1.0,0.0,0.0,0,85.69978543028193
3.0,17.0,3.0,1.0,720.0,0.0,3.0,2.0,2.0,0.0,2.0,2.0,16.0,2.0,1.0,1.0,1.0,0.0,1.0,0.0,0.0,0,283.63222144560353
1.0,17.0,2.0,4.0,569.0,1.0,1.0,2.0,3.0,0.0,1.0,2.0,3.0,2.0,0.0,0.0,2.0,0.0,1.0,0.0,1.0,0,133.28560918318158
0.0,2.0,2.0,7.0,13.0,0.0,1.0,3.0,1.0,0.0,3.0,1.0,4.0,2.0,1.0,0.0,2.0,0.0,0.0,0.0,1.0,0,423.7585978157752
0.0,5.0,2.0,0.0,31.0,0.0,2.0,3.0,2.0,0.0,2.0,2.0,9.0,2.0,1.0,0.0,1.0,0.0,0.0,0.0,1.0,0,405.57963861899253
3.0,2.0,2.0,8.0,168.0,4.0,0.0,3.0,2.0,0.0,3.0,1.0,17.0,2.0,1.0,0.0,3.0,1.0,1.0,0.0,0.0,0,268.73902993607135
1.0,13.0,4.0,4.0,172.0,0.0,2.0,3.0,3.0,0.0,1.0,2.0,14.0,2.0,1.0,0.0,2.0,0.0,0.0,0.0,1.0,0,264.4329444904401
0.0,13.0,0.0,3.0,573.0,0.0,1.0,0.0,1.0,0.0,3.0,1.0,7.0,2.0,0.0,0.0,2.0,0.0,0.0,0.0,1.0,0,136.95101531905115
3.0,24.0,2.0,1.0,482.0,2.0,2.0,3.0,2.0,0.0,3.0,2.0,5.0,2.0,1.0,0.0,2.0,0.0,0.0,0.0,0.0,0,48.149230194546874
2.0,17.0,2.0,4.0,744.0,0.0,3.0,3.0,2.0,0.0,1.0,2.0,6.0,0.0,1.0,0.0,2.0,0.0,0.0,0.0,0.0,0,307.78021989602246
1.0,8.0,2.0,9.0,110.0,1.0,3.0,2.0,2.0,0.0,3.0,0.0,20.0,2.0,1.0,0.0,1.0,0.0,0.0,0.0,0.0,0,326.54058452758363
0.0,11.0,4.0,3.0,254.0,0.0,4.0,3.0,2.0,0.0,3.0,2.0,25.0,2.0,1.0,1.0,2.0,1.0,1.0,0.0,0.0,0,182.69373097844976
1.0,8.0,4.0,4.0,627.0,0.0,2.0,0.0,1.0,0.0,0.0,0.0,4.0,2.0,1.0,0.0,1.0,0.0,0.0,0.0,0.0,0,191.07559599085775
1.0,17.0,2.0,0.0,151.0,0.0,1.0,3.0,2.0,0.0,0.0,1.0,7.0,2.0,1.0,0.0,2.0,0.0,0.0,0.0,0.0,0,285.60223474864733
0.0,21.0,2.0,3.0,639.0,3.0,4.0,3.0,1.0,0.0,3.0,1.0,38.0,2.0,0.0,1.0,2.0,0.0,1.0,0.0,0.0,0,203.97324296354373
3.0,11.0,3.0,3.0,101.0,3.0,3.0,2.0,1.0,0.0,1.0,1.0,11.0,2.0,1.0,1.0,2.0,0.0,0.0,0.0,0.0,0,335.4662221379557
3.0,8.0,4.0,0.0,139.0,2.0,2.0,3.0,2.0,0.0,3.0,0.0,25.0,2.0,1.0,0.0,2.0,0.0,1.0,0.0,0.0,0,297.6370090224958
1.0,2.0,3.0,0.0,156.0,0.0,0.0,3.0,2.0,0.0,3.0,1.0,28.0,2.0,1.0,0.0,3.0,0.0,1.0,0.0,1.0,0,280.95024411104674
3.0,8.0,2.0,4.0,567.0,0.0,2.0,1.0,2.0,0.0,3.0,2.0,33.0,2.0,1.0,0.0,2.0,0.0,1.0,0.0,0.0,0,131.85666450192343
3.0,17.0,2.0,0.0,650.0,0.0,4.0,3.0,1.0,1.0,3.0,3.0,43.0,2.0,2.0,0.0,2.0,0.0,1.0,0.0,0.0,0,215.39852584459652
3.0,6.0,2.0,0.0,238.0,1.0,2.0,2.0,2.0,0.0,1.0,0.0,16.0,2.0,0.0,0.0,1.0,0.0,0.0,1.0,0.0,0,198.5992823468618
3.0,2.0,2.0,0.0,619.0,0.0,2.0,1.0,2.0,2.0,2.0,1.0,7.0,2.0,0.0,0.0,2.0,0.0,0.0,0.0,0.0,0,183.22182105551
3.0,8.0,4.0,4.0,356.0,0.0,4.0,1.0,2.0,0.0,1.0,3.0,7.0,2.0,1.0,1.0,2.0,0.0,0.0,0.0,0.0,0,81.16253205420966
1.0,19.0,0.0,9.0,856.0,0.0,4.0,1.0,1.0,0.0,3.0,3.0,23.0,2.0,2.0,1.0,3.0,0.0,1.0,0.0,1.0,0,419.75024307838265
3.0,2.0,4.0,4.0,167.0,1.0,2.0,0.0,1.0,0.0,0.0,1.0,8.0,2.0,1.0,1.0,2.0,0.0,0.0,0.0,0.0,0,269.7925563765552
1.0,2.0,2.0,4.0,6.0,4.0,4.0,3.0,2.0,0.0,3.0,1.0,19.0,2.0,1.0,0.0,2.0,0.0,0.0,0.0,0.0,0,430.59348837542063
0.0,8.0,4.0,0.0,397.0,0.0,2.0,2.0,2.0,0.0,1.0,0.0,20.0,2.0,0.0,1.0,1.0,1.0,0.0,1.0,0.0,0,40.30398152979097
0.0,17.0,2.0,3.0,553.0,4.0,2.0,1.0,3.0,0.0,3.0,2.0,1.0,2.0,1.0,0.0,2.0,0.0,0.0,0.0,1.0,0,117.658775147523
1.0,23.0,2.0,3.0,868.0,1.0,1.0,3.0,2.0,1.0,0.0,3.0,10.0,2.0,0.0,0.0,3.0,0.0,1.0,0.0,1.0,0,431.7501320121339
3.0,17.0,4.0,3.0,294.0,0.0,3.0,3.0,2.0,0.0,2.0,1.0,21.0,2.0,1.0,1.0,2.0,0.0,0.0,0.0,0.0,0,142.57194584372056
1.0,13.0,2.0,4.0,194.0,0.0,4.0,3.0,3.0,2.0,1.0,0.0,13.0,2.0,1.0,0.0,1.0,0.0,0.0,0.0,0.0,0,242.45795173609017
2.0,2.0,4.0,0.0,202.0,1.0,4.0,1.0,0.0,0.0,3.0,2.0,9.0,2.0,1.0,1.0,2.0,1.0,1.0,0.0,0.0,0,234.84146711474497
0.0,17.0,2.0,0.0,574.0,0.0,1.0,3.0,1.0,0.0,0.0,1.0,8.0,2.0,1.0,0.0,2.0,0.0,0.0,0.0,1.0,0,137.94056731185665
0.0,23.0,2.0,1.0,755.0,0.0,4.0,1.0,2.0,0.0,3.0,3.0,23.0,2.0,2.0,0.0,2.0,1.0,0.0,0.0,0.0,0,318.8443727353643
2.0,5.0,2.0,4.0,131.0,1.0,4.0,1.0,0.0,0.0,3.0,0.0,30.0,2.0,1.0,0.0,2.0,0.0,0.0,0.0,0.0,0,305.87440229428756
1.0,17.0,4.0,4.0,158.0,1.0,1.0,3.0,2.0,0.0,3.0,3.0,19.0,0.0,1.0,1.0,2.0,1.0,0.0,0.0,1.0,0,278.47578488018735
0.0,17.0,2.0,0.0,155.0,0.0,1.0,3.0,1.0,0.0,3.0,1.0,5.0,2.0,0.0,0.0,2.0,0.0,0.0,0.0,1.0,0,281.6788207708104
2.0,11.0,4.0,1.0,453.0,2.0,2.0,1.0,2.0,0.0,1.0,2.0,17.0,2.0,1.0,0.0,2.0,0.0,1.0,0.0,0.0,0,17.158040536293953
3.0,17.0,2.0,4.0,236.0,0.0,2.0,3.0,3.0,0.0,1.0,1.0,9.0,2.0,1.0,0.0,2.0,0.0,0.0,0.0,0.0,0,200.57583931832937
3.0,24.0,2.0,1.0,862.0,1.0,4.0,3.0,2.0,0.0,1.0,2.0,26.0,2.0,1.0,0.0,3.0,0.0,1.0,0.0,0.0,0,425.85818626095624
0.0,8.0,2.0,0.0,58.0,0.0,3.0,3.0,2.0,0.0,1.0,0.0,7.0,2.0,1.0,0.0,2.0,0.0,0.0,0.0,1.0,0,378.57959033219106
3.0,23.0,2.0,1.0,721.0,0.0,2.0,1.0,2.0,0.0,1.0,3.0,13.0,2.0,2.0,0.0,3.0,0.0,1.0,0.0,0.0,0,284.79184644758925
2.0,11.0,2.0,9.0,506.0,0.0,3.0,1.0,2.0,0.0,3.0,1.0,7.0,2.0,0.0,0.0,2.0,0.0,1.0,0.0,0.0,0,70.46556435652815
1.0,8.0,3.0,4.0,20.0,0.0,2.0,3.0,3.0,1.0,3.0,0.0,1.0,2.0,0.0,1.0,2.0,0.0,0.0,0.0,0.0,0,416.722806840167
3.0,17.0,2.0,0.0,427.0,4.0,1.0,3.0,2.0,0.0,0.0,1.0,35.0,2.0,1.0,0.0,2.0,0.0,0.0,0.0,0.0,0,22.287332305650395
0.0,2.0,4.0,0.0,23.0,0.0,3.0,3.0,1.0,0.0,2.0,1.0,18.0,2.0,1.0,1.0,2.0,0.0,0.0,1.0,0.0,0,413.6002893084494
0.0,2.0,4.0,0.0,217.0,0.0,1.0,1.0,2.0,0.0,3.0,0.0,21.0,2.0,1.0,0.0,1.0,1.0,0.0,1.0,0.0,0,219.8310403569697
3.0,23.0,4.0,3.0,818.0,0.0,1.0,1.0,1.0,0.0,3.0,1.0,4.0,2.0,0.0,1.0,2.0,0.0,1.0,0.0,1.0,0,381.90785623621946
0.0,2.0,2.0,0.0,152.0,1.0,4.0,2.0,2.0,0.0,1.0,1.0,24.0,2.0,1.0,0.0,2.0,0.0,1.0,0.0,0.0,0,284.7919913522666
3.0,2.0,4.0,4.0,43.0,4.0,4.0,3.0,2.0,0.0,3.0,3.0,17.0,2.0,2.0,1.0,2.0,0.0,0.0,0.0,0.0,0,393.6087579967675
3.0,17.0,4.0,6.0,756.0,0.0,4.0,2.0,2.0,0.0,3.0,3.0,25.0,2.0,2.0,1.0,2.0,0.0,0.0,0.0,0.0,0,319.7736586773122
0.0,13.0,2.0,4.0,582.0,0.0,2.0,1.0,1.0,0.0,1.0,0.0,5.0,2.0,1.0,0.0,2.0,0.0,0.0,0.0,1.0,0,146.02682176482278
0.0,29.0,0.0,3.0,817.0,0.0,2.0,2.0,2.0,0.0,3.0,3.0,34.0,2.0,2.0,1.0,2.0,1.0,0.0,0.0,1.0,0,381.3626990797263
3.0,17.0,2.0,1.0,614.0,1.0,3.0,2.0,1.0,0.0,3.0,2.0,4.0,2.0,1.0,0.0,2.0,0.0,0.0,0.0,0.0,0,178.04969029497246
1.0,13.0,2.0,4.0,129.0,0.0,2.0,3.0,1.0,2.0,3.0,0.0,7.0,2.0,1.0,0.0,1.0,1.0,0.0,0.0,0.0,0,307.5577136081337
1.0,18.0,2.0,1.0,849.0,0.0,1.0,1.0,2.0,0.0,2.0,2.0,11.0,2.0,1.0,1.0,2.0,0.0,0.0,0.0,0.0,0,412.6572064267959
3.0,11.0,4.0,7.0,272.0,1.0,2.0,3.0,1.0,0.0,2.0,2.0,12.0,2.0,1.0,0.0,2.0,0.0,0.0,0.0,0.0,0,164.53283358109206
3.0,0.0,4.0,4.0,262.0,0.0,3.0,1.0,2.0,0.0,0.0,0.0,23.0,2.0,1.0,1.0,1.0,1.0,0.0,0.0,0.0,0,175.11832094424764
0.0,23.0,2.0,4.0,436.0,0.0,2.0,3.0,0.0,0.0,3.0,2.0,12.0,2.0,0.0,0.0,2.0,0.0,0.0,0.0,1.0,0,10.828629082280823
0.0,2.0,2.0,0.0,33.0,0.0,1.0,2.0,2.0,0.0,3.0,0.0,22.0,2.0,1.0,0.0,1.0,1.0,1.0,0.0,0.0,0,403.6489236718811
1.0,23.0,2.0,7.0,428.0,0.0,3.0,2.0,2.0,0.0,0.0,2.0,13.0,2.0,1.0,1.0,2.0,1.0,0.0,0.0,0.0,0,13.7797608066749
1.0,11.0,2.0,0.0,497.0,1.0,2.0,1.0,1.0,0.0,3.0,2.0,9.0,2.0,0.0,1.0,2.0,0.0,1.0,0.0,1.0,0,61.17188924166463
3.0,8.0,3.0,1.0,262.0,0.0,2.0,3.0,3.0,0.0,3.0,0.0,22.0,2.0,0.0,0.0,2.0,0.0,0.0,0.0,0.0,0,174.6506058053003
3.0,17.0,2.0,4.0,197.0,1.0,3.0,3.0,3.0,0.0,2.0,1.0,7.0,2.0,1.0,0.0,2.0,0.0,1.0,0.0,0.0,0,239.61217556220328
3.0,17.0,2.0,4.0,571.0,4.0,1.0,3.0,2.0,0.0,1.0,2.0,6.0,2.0,1.0,1.0,2.0,0.0,0.0,0.0,0.0,0,135.05412598719747
2.0,15.0,4.0,7.0,439.0,0.0,1.0,1.0,0.0,0.0,0.0,2.0,14.0,2.0,0.0,0.0,2.0,0.0,0.0,0.0,1.0,0,6.297966038984475
1.0,13.0,4.0,3.0,635.0,0.0,4.0,2.0,1.0,0.0,3.0,1.0,18.0,2.0,1.0,0.0,2.0,0.0,1.0,0.0,0.0,0,198.62602451964145
0.0,29.0,2.0,0.0,843.0,0.0,4.0,3.0,2.0,0.0,3.0,3.0,23.0,0.0,2.0,0.0,3.0,0.0,0.0,0.0,1.0,0,406.9851360848287
2.0,13.0,2.0,3.0,560.0,0.0,1.0,0.0,1.0,0.0,0.0,1.0,26.0,1.0,1.0,0.0,1.0,0.0,0.0,0.0,0.0,0,124.06036829375442
1.0,8.0,2.0,4.0,274.0,0.0,1.0,0.0,3.0,0.0,0.0,0.0,4.0,2.0,0.0,0.0,2.0,0.0,0.0,0.0,1.0,0,162.9840587501289
3.0,17.0,3.0,0.0,381.0,0.0,4.0,3.0,2.0,0.0,3.0,3.0,41.0,2.0,2.0,1.0,2.0,0.0,1.0,0.0,0.0,0,61.15718543120256
0.0,21.0,2.0,3.0,791.0,4.0,4.0,3.0,2.0,0.0,3.0,1.0,12.0,2.0,1.0,0.0,2.0,0.0,0.0,0.0,1.0,0,354.7166341773796
2.0,13.0,2.0,3.0,537.0,0.0,2.0,1.0,2.0,0.0,0.0,0.0,15.0,2.0,1.0,0.0,1.0,1.0,0.0,0.0,1.0,0,100.6468745885284
3.0,8.0,4.0,0.0,175.0,0.0,4.0,3.0,2.0,0.0,3.0,0.0,42.0,2.0,1.0,1.0,1.0,0.0,0.0,0.0,0.0,0,262.8202886840232
0.0,17.0,3.0,0.0,205.0,0.0,0.0,3.0,2.0,0.0,1.0,0.0,24.0,2.0,2.0,1.0,2.0,1.0,0.0,0.0,1.0,0,231.6388098781346
3.0,17.0,4.0,0.0,378.0,0.0,2.0,3.0,1.0,0.0,3.0,2.0,18.0,2.0,1.0,0.0,2.0,0.0,1.0,0.0,0.0,0,58.72645792177786
3.0,17.0,2.0,4.0,282.0,0.0,3.0,2.0,2.0,0.0,0.0,2.0,13.0,0.0,1.0,0.0,2.0,1.0,0.0,0.0,0.0,0,154.5133928397389
0.0,8.0,1.0,4.0,26.0,0.0,2.0,3.0,1.0,0.0,3.0,0.0,5.0,0.0,1.0,0.0,1.0,0.0,0.0,0.0,1.0,0,410.609249154288
3.0,29.0,4.0,1.0,865.0,4.0,3.0,1.0,2.0,0.0,0.0,3.0,16.0,2.0,2.0,1.0,2.0,0.0,1.0,0.0,0.0,0,428.9030454373169
3.0,8.0,4.0,6.0,105.0,4.0,3.0,3.0,1.0,0.0,3.0,0.0,4.0,2.0,1.0,1.0,2.0,0.0,0.0,0.0,0.0,0,331.70506498366194
3.0,2.0,1.0,4.0,314.0,2.0,4.0,1.0,2.0,0.0,3.0,1.0,26.0,0.0,1.0,0.0,1.0,1.0,0.0,0.0,0.0,0,123.43324336421846
0.0,29.0,2.0,4.0,815.0,0.0,3.0,0.0,3.0,2.0,0.0,0.0,15.0,2.0,1.0,1.0,2.0,0.0,1.0,0.0,1.0,0,378.9360449535677
1.0,8.0,4.0,0.0,375.0,1.0,1.0,3.0,2.0,0.0,0.0,2.0,8.0,2.0,1.0,0.0,2.0,0.0,0.0,0.0,0.0,0,62.31650581656359
1.0,5.0,2.0,7.0,149.0,0.0,3.0,3.0,1.0,0.0,3.0,1.0,48.0,2.0,1.0,1.0,3.0,0.0,1.0,0.0,0.0,0,289.36449928860014
1.0,8.0,2.0,4.0,204.0,0.0,1.0,1.0,2.0,0.0,0.0,2.0,3.0,1.0,1.0,0.0,2.0,0.0,0.0,0.0,1.0,0,232.8505338769223
1.0,13.0,0.0,0.0,429.0,1.0,1.0,2.0,1.0,0.0,2.0,2.0,9.0,2.0,1.0,1.0,2.0,0.0,0.0,0.0,1.0,0,11.145442714378214
3.0,15.0,0.0,0.0,736.0,4.0,2.0,0.0,1.0,0.0,3.0,1.0,10.0,0.0,1.0,1.0,2.0,0.0,1.0,0.0,1.0,0,299.7161638576346
0.0,17.0,1.0,3.0,622.0,0.0,3.0,2.0,2.0,0.0,3.0,2.0,8.0,0.0,1.0,0.0,2.0,0.0,0.0,0.0,1.0,0,185.82301940199432
1.0,13.0,4.0,3.0,355.0,0.0,1.0,1.0,2.0,0.0,1.0,0.0,12.0,2.0,1.0,1.0,1.0,0.0,0.0,0.0,1.0,0,81.56863125390804
0.0,17.0,2.0,1.0,548.0,4.0,4.0,3.0,2.0,0.0,3.0,3.0,30.0,0.0,2.0,0.0,2.0,1.0,1.0,0.0,0.0,0,112.67809499651476
0.0,17.0,1.0,4.0,280.0,0.0,3.0,3.0,2.0,2.0,3.0,2.0,5.0,0.0,0.0,0.0,1.0,0.0,0.0,0.0,1.0,0,156.8847748228573
2.0,2.0,3.0,4.0,38.0,0.0,1.0,1.0,1.0,0.0,0.0,1.0,10.0,0.0,1.0,0.0,2.0,0.0,0.0,0.0,0.0,0,398.6326976805218
1.0,17.0,3.0,9.0,722.0,4.0,2.0,3.0,2.0,0.0,1.0,1.0,18.0,0.0,1.0,1.0,3.0,0.0,1.0,0.0,0.0,0,285.7044382417632
1.0,17.0,3.0,4.0,283.0,1.0,3.0,2.0,1.0,0.0,1.0,1.0,4.0,2.0,0.0,1.0,2.0,0.0,1.0,0.0,0.0,0,153.91996018517276
0.0,8.0,2.0,0.0,221.0,0.0,3.0,1.0,0.0,0.0,2.0,2.0,17.0,2.0,1.0,0.0,2.0,0.0,0.0,0.0,1.0,0,215.53193003555708
3.0,17.0,4.0,4.0,486.0,3.0,4.0,1.0,2.0,0.0,1.0,2.0,15.0,2.0,1.0,0.0,2.0,0.0,0.0,0.0,0.0,0,49.856517437597354
1.0,29.0,2.0,4.0,679.0,4.0,3.0,3.0,2.0,0.0,0.0,2.0,22.0,2.0,1.0,1.0,2.0,1.0,1.0,0.0,0.0,0,243.19805269602128
0.0,29.0,2.0,4.0,806.0,0.0,2.0,2.0,1.0,0.0,1.0,2.0,12.0,2.0,1.0,0.0,2.0,0.0,1.0,0.0,1.0,0,369.94520374049904
0.0,17.0,2.0,3.0,586.0,0.0,1.0,3.0,1.0,0.0,3.0,0.0,4.0,2.0,0.0,0.0,1.0,0.0,1.0,0.0,1.0,0,150.14427883434783
3.0,21.0,4.0,4.0,771.0,0.0,3.0,2.0,2.0,1.0,1.0,2.0,19.0,2.0,1.0,0.0,2.0,0.0,0.0,0.0,0.0,0,334.7014308494112
3.0,17.0,2.0,1.0,754.0,4.0,0.0,1.0,1.0,0.0,3.0,1.0,7.0,2.0,0.0,0.0,3.0,0.0,1.0,0.0,0.0,0,317.7760586051044
0.0,11.0,2.0,9.0,70.0,0.0,2.0,3.0,1.0,0.0,3.0,1.0,3.0,2.0,1.0,0.0,1.0,0.0,0.0,0.0,0.0,0,366.69832791596554
1.0,5.0,2.0,4.0,122.0,0.0,4.0,3.0,2.0,0.0,3.0,2.0,8.0,2.0,1.0,1.0,1.0,0.0,0.0,0.0,0.0,0,314.637615883552
3.0,11.0,4.0,3.0,526.0,0.0,3.0,1.0,1.0,1.0,2.0,2.0,5.0,0.0,1.0,1.0,2.0,0.0,0.0,0.0,0.0,0,90.3424640378431
1.0,8.0,2.0,4.0,546.0,0.0,3.0,1.0,1.0,0.0,0.0,0.0,8.0,2.0,1.0,0.0,2.0,0.0,0.0,0.0,0.0,0,110.05190733040024
3.0,17.0,4.0,7.0,354.0,4.0,2.0,2.0,1.0,0.0,1.0,2.0,14.0,2.0,1.0,1.0,2.0,0.0,1.0,0.0,0.0,0,82.67697316107125
1.0,23.0,4.0,0.0,529.0,0.0,1.0,3.0,0.0,0.0,3.0,2.0,8.0,2.0,1.0,1.0,2.0,0.0,0.0,0.0,1.0,0,93.53055063259916
3.0,17.0,2.0,8.0,94.0,0.0,1.0,3.0,3.0,0.0,2.0,2.0,8.0,2.0,1.0,1.0,1.0,0.0,0.0,0.0,0.0,0,342.56299852112153
1.0,13.0,4.0,0.0,119.0,0.0,4.0,2.0,2.0,2.0,2.0,0.0,11.0,0.0,1.0,1.0,2.0,0.0,0.0,0.0,1.0,0,317.48933474556526
1.0,8.0,4.0,0.0,575.0,0.0,1.0,0.0,2.0,0.0,2.0,0.0,30.0,0.0,1.0,1.0,1.0,1.0,0.0,0.0,0.0,0,139.51937102342873
3.0,5.0,2.0,3.0,228.0,0.0,2.0,3.0,1.0,0.0,1.0,0.0,7.0,2.0,0.0,0.0,2.0,0.0,0.0,0.0,0.0,0,208.79041739391576
1.0,23.0,2.0,6.0,456.0,0.0,1.0,3.0,2.0,0.0,0.0,3.0,14.0,2.0,0.0,0.0,1.0,0.0,0.0,0.0,1.0,0,22.307025352646463
3.0,8.0,2.0,0.0,400.0,4.0,4.0,3.0,1.0,0.0,3.0,3.0,33.0,2.0,2.0,0.0,3.0,0.0,1.0,0.0,0.0,0,41.03961671952442
0.0,13.0,2.0,3.0,382.0,0.0,2.0,0.0,1.0,0.0,3.0,0.0,1.0,0.0,0.0,0.0,2.0,0.0,0.0,0.0,1.0,0,56.54641429962663
0.0,5.0,4.0,0.0,527.0,0.0,2.0,1.0,2.0,0.0,1.0,0.0,17.0,2.0,0.0,1.0,2.0,1.0,0.0,0.0,0.0,0,91.12175326102476
0.0,8.0,2.0,3.0,188.0,0.0,2.0,3.0,2.0,2.0,0.0,1.0,2.0,2.0,1.0,0.0,1.0,0.0,0.0,0.0,0.0,0,248.8829800520448
0.0,13.0,2.0,5.0,159.0,0.0,2.0,3.0,3.0,0.0,2.0,0.0,28.0,2.0,1.0,0.0,1.0,0.0,1.0,0.0,1.0,0,277.7011996435017
0.0,8.0,4.0,3.0,423.0,0.0,4.0,2.0,2.0,0.0,2.0,1.0,41.0,2.0,1.0,1.0,2.0,0.0,0.0,0.0,1.0,0,29.2139806066139
0.0,8.0,4.0,4.0,7.0,0.0,3.0,3.0,1.0,0.0,2.0,0.0,39.0,2.0,1.0,3.0,1.0,0.0,1.0,0.0,0.0,0,430.09038970751374
1.0,17.0,3.0,0.0,368.0,4.0,2.0,3.0,1.0,0.0,3.0,2.0,23.0,2.0,0.0,1.0,2.0,0.0,1.0,0.0,0.0,0,69.06018981664829
3.0,15.0,2.0,9.0,290.0,3.0,4.0,3.0,1.0,0.0,3.0,0.0,17.0,0.0,1.0,0.0,1.0,0.0,0.0,0.0,0.0,0,146.5911497742168
1.0,17.0,2.0,0.0,510.0,0.0,2.0,2.0,1.0,0.0,3.0,1.0,1.0,2.0,0.0,0.0,1.0,0.0,1.0,0.0,1.0,0,75.27311085341874
0.0,17.0,1.0,2.0,215.0,4.0,4.0,3.0,2.0,0.0,2.0,2.0,21.0,1.0,1.0,0.0,3.0,0.0,1.0,0.0,1.0,0,221.5496103973669
1.0,2.0,1.0,0.0,91.0,1.0,1.0,0.0,1.0,0.0,0.0,1.0,13.0,1.0,1.0,0.0,1.0,0.0,0.0,0.0,1.0,0,345.65014576893464
0.0,17.0,2.0,0.0,243.0,0.0,3.0,3.0,1.0,0.0,3.0,2.0,4.0,2.0,0.0,1.0,2.0,0.0,0.0,0.0,1.0,0,193.85785617009637
3.0,13.0,4.0,0.0,523.0,0.0,3.0,1.0,2.0,0.0,1.0,1.0,12.0,0.0,1.0,1.0,2.0,0.0,0.0,0.0,1.0,0,86.80540509518059
3.0,17.0,3.0,9.0,662.0,0.0,2.0,0.0,2.0,0.0,1.0,3.0,13.0,2.0,2.0,0.0,2.0,0.0,0.0,0.0,0.0,0,225.73341027330255
1.0,3.0,2.0,4.0,445.0,0.0,1.0,0.0,1.0,2.0,0.0,0.0,26.0,2.0,1.0,0.0,2.0,0.0,0.0,0.0,0.0,0,17.459560518252687
1.0,5.0,2.0,3.0,87.0,0.0,2.0,3.0,1.0,0.0,0.0,1.0,11.0,2.0,1.0,0.0,2.0,0.0,0.0,0.0,1.0,0,349.5575500858717
1.0,17.0,1.0,7.0,330.0,0.0,3.0,3.0,1.0,0.0,3.0,3.0,15.0,0.0,2.0,0.0,1.0,0.0,0.0,0.0,1.0,0,106.60795679890975
3.0,23.0,2.0,3.0,595.0,0.0,2.0,3.0,1.0,0.0,1.0,2.0,9.0,2.0,1.0,0.0,3.0,0.0,1.0,0.0,1.0,0,159.04765078056673
2.0,6.0,2.0,3.0,181.0,0.0,1.0,3.0,1.0,0.0,1.0,1.0,4.0,2.0,1.0,0.0,2.0,0.0,0.0,0.0,0.0,0,255.80554202228063
0.0,17.0,1.0,3.0,531.0,2.0,2.0,3.0,2.0,0.0,3.0,0.0,3.0,1.0,1.0,0.0,2.0,0.0,1.0,0.0,0.0,0,95.5846217142402
3.0,17.0,4.0,9.0,709.0,0.0,2.0,2.0,2.0,0.0,1.0,0.0,51.0,2.0,1.0,0.0,3.0,0.0,1.0,0.0,0.0,0,274.9461707460341
1.0,23.0,2.0,4.0,502.0,1.0,2.0,3.0,1.0,1.0,3.0,3.0,31.0,2.0,2.0,0.0,2.0,0.0,0.0,0.0,1.0,0,68.0599364635155
3.0,13.0,2.0,4.0,383.0,0.0,1.0,3.0,2.0,0.0,0.0,0.0,14.0,2.0,1.0,0.0,2.0,0.0,0.0,0.0,0.0,0,53.554637274501104
3.0,11.0,2.0,1.0,193.0,4.0,4.0,3.0,2.0,0.0,3.0,3.0,26.0,0.0,2.0,0.0,2.0,1.0,0.0,0.0,0.0,0,243.69569748509485
0.0,8.0,2.0,5.0,53.0,1.0,0.0,3.0,1.0,0.0,2.0,1.0,3.0,2.0,1.0,0.0,2.0,0.0,0.0,0.0,1.0,0,383.6818644119833
2.0,6.0,2.0,0.0,170.0,1.0,4.0,0.0,1.0,0.0,3.0,3.0,29.0,2.0,2.0,0.0,1.0,1.0,0.0,0.0,1.0,0,266.89060753989384
0.0,15.0,2.0,4.0,596.0,3.0,1.0,3.0,1.0,0.0,1.0,2.0,10.0,0.0,1.0,0.0,2.0,0.0,0.0,0.0,0.0,0,159.75079199820723
3.0,13.0,3.0,3.0,323.0,0.0,3.0,3.0,1.0,0.0,0.0,0.0,3.0,2.0,1.0,0.0,2.0,0.0,0.0,0.0,1.0,0,114.18283690774356
1.0,31.0,3.0,4.0,870.0,4.0,2.0,1.0,2.0,0.0,1.0,3.0,8.0,2.0,2.0,0.0,3.0,0.0,0.0,0.0,0.0,0,434.03407317264055
0.0,2.0,4.0,0.0,647.0,0.0,2.0,0.0,2.0,0.0,2.0,0.0,18.0,2.0,0.0,2.0,2.0,1.0,0.0,0.0,0.0,0,210.9809111620208
1.0,21.0,2.0,3.0,609.0,1.0,2.0,1.0,1.0,1.0,3.0,2.0,2.0,2.0,0.0,0.0,2.0,0.0,0.0,0.0,1.0,0,173.3265223863487
3.0,8.0,2.0,0.0,29.0,0.0,2.0,3.0,0.0,0.0,1.0,0.0,30.0,2.0,1.0,0.0,1.0,0.0,0.0,0.0,0.0,0,407.71976473971023
1.0,15.0,4.0,9.0,644.0,0.0,3.0,1.0,2.0,0.0,2.0,1.0,8.0,2.0,1.0,1.0,2.0,0.0,0.0,0.0,0.0,0,207.83498075775432
3.0,13.0,4.0,0.0,271.0,0.0,2.0,2.0,2.0,0.0,1.0,1.0,13.0,0.0,1.0,1.0,2.0,0.0,0.0,0.0,1.0,0,165.4978804071361
0.0,8.0,2.0,3.0,334.0,0.0,1.0,3.0,1.0,0.0,0.0,2.0,3.0,2.0,0.0,0.0,2.0,0.0,0.0,0.0,0.0,0,103.41727753666908
0.0,13.0,2.0,4.0,489.0,0.0,2.0,3.0,2.0,0.0,3.0,3.0,46.0,2.0,2.0,1.0,2.0,0.0,0.0,0.0,1.0,0,60.7309835936047
3.0,11.0,2.0,4.0,371.0,4.0,4.0,3.0,2.0,0.0,1.0,2.0,16.0,2.0,1.0,0.0,2.0,0.0,0.0,0.0,0.0,0,65.58599041212683
2.0,2.0,2.0,3.0,394.0,0.0,2.0,1.0,2.0,0.0,1.0,0.0,22.0,2.0,1.0,0.0,2.0,0.0,1.0,0.0,0.0,0,44.439466253766575
1.0,5.0,1.0,0.0,242.0,1.0,3.0,1.0,2.0,0.0,2.0,3.0,10.0,2.0,1.0,0.0,2.0,0.0,0.0,0.0,1.0,0,194.7331420503822
3.0,26.0,4.0,3.0,683.0,2.0,2.0,3.0,2.0,0.0,3.0,0.0,17.0,2.0,1.0,1.0,2.0,0.0,1.0,0.0,0.0,0,246.93057961080513
3.0,5.0,2.0,7.0,657.0,4.0,4.0,0.0,2.0,0.0,3.0,0.0,45.0,2.0,1.0,0.0,1.0,0.0,0.0,0.0,0.0,0,222.75263364411575
0.0,17.0,2.0,4.0,646.0,0.0,2.0,1.0,1.0,0.0,3.0,2.0,9.0,2.0,1.0,0.0,2.0,0.0,0.0,0.0,0.0,0,209.75159107097105
0.0,13.0,1.0,3.0,283.0,0.0,2.0,3.0,2.0,0.0,2.0,2.0,25.0,0.0,1.0,0.0,2.0,0.0,0.0,0.0,1.0,0,153.7224357718758
1.0,11.0,2.0,4.0,244.0,4.0,1.0,3.0,2.0,0.0,0.0,1.0,4.0,2.0,1.0,0.0,2.0,0.0,0.0,0.0,0.0,0,192.832802351554
3.0,5.0,2.0,3.0,372.0,0.0,1.0,1.0,1.0,1.0,1.0,2.0,0.0,2.0,0.0,1.0,2.0,0.0,0.0,0.0,1.0,0,66.94802321564386
1.0,17.0,2.0,0.0,214.0,0.0,1.0,2.0,1.0,0.0,3.0,2.0,6.0,2.0,1.0,0.0,1.0,0.0,1.0,0.0,1.0,0,222.697802702409
3.0,8.0,2.0,7.0,230.0,0.0,4.0,3.0,2.0,0.0,3.0,1.0,28.0,0.0,1.0,2.0,2.0,1.0,1.0,0.0,0.0,0,206.91053278227707
3.0,17.0,2.0,4.0,223.0,2.0,3.0,3.0,1.0,0.0,0.0,2.0,9.0,2.0,1.0,0.0,2.0,0.0,0.0,0.0,0.0,0,213.56994382851005
3.0,8.0,2.0,4.0,257.0,0.0,1.0,3.0,1.0,0.0,2.0,2.0,15.0,2.0,1.0,0.0,2.0,1.0,0.0,0.0,0.0,0,179.51952175964894
0.0,26.0,3.0,4.0,702.0,0.0,3.0,2.0,2.0,0.0,1.0,1.0,7.0,0.0,1.0,1.0,2.0,1.0,1.0,0.0,1.0,0,266.0513674187959
0.0,13.0,2.0,7.0,55.0,0.0,0.0,3.0,1.0,0.0,0.0,0.0,8.0,2.0,1.0,0.0,0.0,0.0,0.0,0.0,1.0,0,381.5349550567683
1.0,11.0,2.0,6.0,195.0,0.0,4.0,3.0,2.0,0.0,3.0,2.0,19.0,2.0,1.0,1.0,1.0,0.0,0.0,0.0,0.0,0,241.4770948503678
3.0,11.0,2.0,7.0,717.0,1.0,2.0,2.0,2.0,0.0,1.0,1.0,21.0,2.0,1.0,0.0,3.0,0.0,1.0,0.0,1.0,0,280.6824968310256
3.0,17.0,4.0,4.0,333.0,0.0,3.0,3.0,3.0,2.0,1.0,2.0,14.0,2.0,1.0,1.0,2.0,0.0,1.0,0.0,0.0,0,103.5528886477059
0.0,13.0,4.0,4.0,339.0,0.0,3.0,3.0,3.0,0.0,0.0,1.0,13.0,2.0,1.0,1.0,3.0,0.0,1.0,0.0,0.0,0,97.52859415036724
3.0,23.0,3.0,9.0,850.0,4.0,1.0,3.0,2.0,0.0,3.0,2.0,8.0,2.0,0.0,1.0,2.0,0.0,1.0,0.0,1.0,0,413.833819923164
0.0,21.0,0.0,3.0,712.0,0.0,2.0,1.0,0.0,2.0,1.0,0.0,13.0,2.0,1.0,1.0,2.0,0.0,0.0,0.0,0.0,0,275.74570286605996
3.0,8.0,2.0,0.0,227.0,2.0,2.0,1.0,1.0,0.0,1.0,1.0,7.0,2.0,1.0,0.0,2.0,0.0,0.0,0.0,1.0,0,209.70998954662852
2.0,17.0,2.0,0.0,96.0,0.0,3.0,3.0,2.0,0.0,2.0,3.0,19.0,0.0,2.0,0.0,2.0,1.0,0.0,0.0,1.0,0,340.47568510577486
0.0,8.0,2.0,7.0,39.0,0.0,2.0,3.0,2.0,0.0,3.0,2.0,21.0,2.0,0.0,0.0,1.0,1.0,0.0,0.0,1.0,0,397.51134833213433
0.0,29.0,2.0,7.0,833.0,0.0,3.0,3.0,2.0,0.0,0.0,3.0,31.0,2.0,2.0,0.0,3.0,0.0,1.0,0.0,0.0,0,397.21805020481094
1.0,8.0,2.0,3.0,351.0,0.0,2.0,3.0,2.0,0.0,1.0,1.0,18.0,2.0,1.0,0.0,1.0,0.0,0.0,0.0,1.0,0,85.64717710717638
0.0,17.0,2.0,0.0,437.0,0.0,4.0,3.0,2.0,1.0,0.0,0.0,26.0,2.0,1.0,0.0,2.0,0.0,0.0,0.0,1.0,0,11.910816723668477
3.0,17.0,4.0,1.0,449.0,0.0,3.0,3.0,2.0,0.0,2.0,2.0,16.0,2.0,1.0,1.0,2.0,0.0,1.0,0.0,0.0,0,13.570328555358996
0.0,10.0,2.0,0.0,677.0,0.0,0.0,0.0,2.0,0.0,3.0,3.0,3.0,2.0,2.0,0.0,2.0,0.0,0.0,0.0,0.0,0,241.02216899273176
1.0,8.0,2.0,0.0,80.0,0.0,4.0,3.0,2.0,0.0,3.0,2.0,22.0,0.0,1.0,0.0,1.0,1.0,0.0,0.0,1.0,0,356.53927106221937
3.0,29.0,2.0,4.0,883.0,4.0,3.0,3.0,2.0,0.0,2.0,2.0,18.0,1.0,1.0,0.0,2.0,0.0,1.0,0.0,0.0,0,446.880789788048
1.0,21.0,0.0,9.0,693.0,0.0,2.0,1.0,1.0,0.0,0.0,2.0,9.0,2.0,1.0,1.0,2.0,0.0,0.0,0.0,0.0,0,256.8808313119973
1.0,13.0,4.0,3.0,792.0,0.0,4.0,1.0,2.0,0.0,0.0,3.0,22.0,2.0,1.0,0.0,2.0,0.0,1.0,0.0,0.0,0,355.6641299640711
2.0,8.0,2.0,4.0,191.0,0.0,2.0,2.0,3.0,0.0,3.0,0.0,4.0,2.0,0.0,0.0,2.0,0.0,0.0,0.0,0.0,0,245.77353647134623
0.0,8.0,2.0,0.0,82.0,4.0,2.0,3.0,3.0,0.0,1.0,2.0,4.0,2.0,1.0,0.0,2.0,0.0,0.0,0.0,1.0,0,354.6894088364479
3.0,15.0,2.0,3.0,422.0,0.0,4.0,3.0,2.0,0.0,1.0,0.0,31.0,2.0,1.0,1.0,2.0,0.0,0.0,0.0,0.0,0,21.217039907562828
1.0,2.0,3.0,3.0,116.0,0.0,0.0,3.0,2.0,0.0,0.0,1.0,16.0,1.0,1.0,1.0,3.0,0.0,1.0,0.0,0.0,0,320.63793854325803
2.0,2.0,4.0,7.0,113.0,0.0,2.0,1.0,1.0,0.0,3.0,1.0,31.0,2.0,1.0,0.0,1.0,0.0,0.0,0.0,0.0,0,324.0013843398732
1.0,21.0,1.0,3.0,615.0,3.0,2.0,3.0,2.0,0.0,1.0,2.0,15.0,1.0,1.0,0.0,2.0,1.0,1.0,0.0,0.0,0,178.78087389349648
3.0,29.0,1.0,9.0,634.0,0.0,2.0,0.0,1.0,0.0,0.0,0.0,8.0,1.0,1.0,0.0,2.0,0.0,0.0,0.0,0.0,0,198.47257839967608
0.0,8.0,4.0,0.0,732.0,0.0,4.0,2.0,2.0,1.0,3.0,1.0,24.0,2.0,0.0,1.0,2.0,0.0,1.0,0.0,1.0,0,295.7958353659024
2.0,21.0,4.0,4.0,556.0,0.0,4.0,3.0,2.0,0.0,3.0,1.0,28.0,2.0,1.0,0.0,2.0,0.0,0.0,0.0,0.0,0,120.48054655926364
3.0,17.0,4.0,9.0,687.0,1.0,2.0,2.0,2.0,0.0,2.0,1.0,8.0,2.0,1.0,1.0,1.0,0.0,1.0,0.0,0.0,0,250.8130250101128
3.0,23.0,2.0,9.0,760.0,1.0,3.0,1.0,2.0,0.0,1.0,2.0,12.0,2.0,1.0,1.0,2.0,0.0,1.0,0.0,0.0,0,323.81083958011925
3.0,31.0,2.0,0.0,885.0,0.0,4.0,1.0,2.0,0.0,3.0,1.0,23.0,2.0,1.0,0.0,3.0,0.0,1.0,0.0,0.0,0,449.013054264053
3.0,2.0,4.0,0.0,389.0,2.0,2.0,0.0,3.0,0.0,1.0,2.0,5.0,2.0,1.0,0.0,2.0,0.0,0.0,0.0,0.0,0,50.20680339805851
3.0,21.0,4.0,4.0,710.0,0.0,3.0,3.0,1.0,0.0,3.0,2.0,7.0,2.0,0.0,0.0,3.0,0.0,1.0,0.0,0.0,0,273.85718369687004
3.0,17.0,4.0,3.0,743.0,0.0,4.0,3.0,2.0,0.0,3.0,2.0,14.0,2.0,1.0,0.0,2.0,0.0,1.0,0.0,0.0,0,306.6346448624157
1.0,32.0,2.0,4.0,758.0,1.0,2.0,1.0,3.0,0.0,1.0,2.0,5.0,2.0,1.0,0.0,2.0,0.0,0.0,0.0,1.0,0,322.3137750722326
0.0,17.0,2.0,4.0,456.0,0.0,4.0,3.0,2.0,0.0,3.0,0.0,45.0,0.0,0.0,0.0,1.0,0.0,0.0,0.0,0.0,0,35.54070562507847
3.0,13.0,2.0,4.0,247.0,0.0,1.0,2.0,1.0,0.0,0.0,0.0,7.0,2.0,1.0,0.0,2.0,0.0,0.0,0.0,0.0,0,189.64597870545535
3.0,2.0,2.0,7.0,276.0,0.0,1.0,0.0,1.0,0.0,1.0,3.0,37.0,2.0,1.0,0.0,2.0,0.0,0.0,0.0,0.0,0,162.28965681987086
3.0,8.0,2.0,4.0,430.0,4.0,2.0,3.0,2.0,0.0,3.0,3.0,18.0,2.0,2.0,0.0,2.0,0.0,1.0,0.0,0.0,0,9.737523291977286
3.0,11.0,3.0,4.0,254.0,0.0,2.0,3.0,3.0,0.0,2.0,0.0,14.0,0.0,1.0,1.0,2.0,0.0,0.0,0.0,0.0,0,182.4678433983221
3.0,17.0,4.0,4.0,740.0,0.0,1.0,2.0,3.0,0.0,2.0,3.0,28.0,2.0,2.0,2.0,2.0,0.0,1.0,0.0,0.0,0,303.880482503164
1.0,23.0,3.0,9.0,879.0,1.0,3.0,0.0,2.0,0.0,2.0,1.0,12.0,2.0,1.0,1.0,1.0,1.0,1.0,0.0,0.0,0,442.7541148983089
3.0,31.0,2.0,0.0,798.0,4.0,2.0,3.0,2.0,0.0,3.0,3.0,15.0,2.0,2.0,0.0,2.0,1.0,1.0,0.0,0.0,0,362.0564475178532
2.0,6.0,4.0,4.0,212.0,4.0,3.0,3.0,2.0,0.0,1.0,1.0,8.0,2.0,1.0,1.0,2.0,0.0,1.0,0.0,0.0,0,224.7042516561491
1.0,23.0,3.0,0.0,536.0,1.0,4.0,3.0,2.0,0.0,2.0,3.0,11.0,2.0,2.0,0.0,2.0,0.0,0.0,0.0,0.0,0,100.26020492004258
3.0,5.0,2.0,4.0,517.0,1.0,4.0,2.0,2.0,1.0,3.0,2.0,16.0,2.0,1.0,0.0,2.0,0.0,1.0,0.0,0.0,0,81.0928985564508
0.0,8.0,2.0,0.0,643.0,3.0,2.0,0.0,2.0,0.0,2.0,1.0,12.0,2.0,1.0,0.0,2.0,1.0,0.0,0.0,0.0,0,206.75705476324435
0.0,11.0,4.0,3.0,102.0,0.0,2.0,1.0,0.0,0.0,2.0,1.0,6.0,2.0,1.0,1.0,2.0,0.0,0.0,0.0,0.0,0,334.5796702813035
1.0,11.0,2.0,6.0,497.0,1.0,2.0,2.0,1.0,0.0,1.0,0.0,6.0,2.0,1.0,0.0,1.0,0.0,0.0,0.0,0.0,0,61.533489369850024
1.0,17.0,2.0,4.0,540.0,1.0,1.0,1.0,2.0,0.0,0.0,2.0,10.0,2.0,1.0,0.0,2.0,0.0,0.0,0.0,0.0,0,103.8531107548812
0.0,2.0,4.0,0.0,723.0,4.0,1.0,0.0,2.0,0.0,2.0,0.0,25.0,2.0,1.0,1.0,1.0,1.0,0.0,0.0,0.0,0,287.02817145356187
3.0,17.0,2.0,4.0,431.0,0.0,3.0,3.0,2.0,0.0,1.0,2.0,9.0,2.0,1.0,0.0,2.0,0.0,1.0,0.0,0.0,0,9.75840937377609
3.0,2.0,2.0,1.0,166.0,2.0,2.0,1.0,2.0,0.0,3.0,1.0,31.0,2.0,0.0,0.0,2.0,0.0,0.0,0.0,0.0,0,271.1018099715566
1.0,8.0,2.0,4.0,126.0,0.0,3.0,3.0,2.0,2.0,2.0,0.0,10.0,2.0,1.0,1.0,2.0,0.0,0.0,1.0,0.0,0,310.5308117294217
3.0,8.0,4.0,0.0,88.0,0.0,0.0,0.0,1.0,0.0,1.0,1.0,19.0,2.0,1.0,0.0,0.0,0.0,0.0,0.0,0.0,0,348.5115117147859
3.0,13.0,4.0,4.0,321.0,0.0,2.0,3.0,2.0,0.0,1.0,2.0,5.0,2.0,1.0,1.0,2.0,0.0,0.0,0.0,0.0,0,115.95379090079848
2.0,11.0,2.0,7.0,347.0,0.0,4.0,3.0,2.0,0.0,3.0,2.0,21.0,2.0,0.0,0.0,3.0,0.0,1.0,0.0,0.0,0,89.72376759267333
3.0,8.0,2.0,3.0,130.0,2.0,2.0,3.0,1.0,0.0,3.0,2.0,10.0,2.0,0.0,0.0,1.0,0.0,0.0,0.0,1.0,0,306.5296258736009
0.0,29.0,4.0,1.0,790.0,0.0,4.0,3.0,2.0,0.0,3.0,3.0,27.0,2.0,2.0,1.0,2.0,0.0,1.0,0.0,1.0,0,354.13722600662766
2.0,17.0,2.0,4.0,224.0,1.0,4.0,3.0,1.0,0.0,1.0,3.0,28.0,2.0,2.0,0.0,2.0,0.0,1.0,0.0,0.0,0,212.81088869689816
1.0,21.0,3.0,9.0,474.0,1.0,4.0,3.0,2.0,0.0,1.0,1.0,22.0,1.0,1.0,1.0,2.0,0.0,0.0,0.0,0.0,0,39.3136521897766
1.0,19.0,2.0,9.0,480.0,0.0,1.0,3.0,1.0,0.0,0.0,1.0,13.0,2.0,1.0,0.0,2.0,1.0,1.0,0.0,0.0,0,44.4992127643947
3.0,11.0,2.0,0.0,751.0,2.0,4.0,0.0,1.0,0.0,3.0,3.0,16.0,2.0,2.0,0.0,2.0,0.0,0.0,0.0,0.0,0,314.64417293275403
1.0,29.0,2.0,0.0,799.0,1.0,3.0,2.0,2.0,0.0,1.0,1.0,5.0,2.0,1.0,0.0,2.0,0.0,0.0,0.0,1.0,0,363.1029365019865
1.0,8.0,0.0,3.0,549.0,0.0,1.0,3.0,1.0,0.0,2.0,1.0,6.0,2.0,0.0,1.0,2.0,0.0,0.0,0.0,1.0,0,113.2138231669184
1.0,5.0,2.0,4.0,154.0,0.0,4.0,3.0,1.0,0.0,3.0,0.0,6.0,2.0,1.0,0.0,2.0,0.0,0.0,0.0,0.0,0,282.7269749251519
1.0,5.0,2.0,4.0,395.0,0.0,2.0,1.0,2.0,0.0,1.0,0.0,18.0,2.0,1.0,0.0,1.0,1.0,0.0,0.0,0.0,0,42.42305144005947
3.0,13.0,4.0,4.0,27.0,2.0,4.0,3.0,2.0,0.0,2.0,1.0,13.0,0.0,1.0,1.0,3.0,0.0,1.0,0.0,0.0,0,409.4369642362147
0.0,2.0,1.0,7.0,148.0,0.0,4.0,3.0,1.0,0.0,3.0,3.0,16.0,2.0,2.0,0.0,2.0,0.0,0.0,0.0,1.0,0,288.69152914717733
3.0,15.0,2.0,1.0,472.0,4.0,4.0,3.0,2.0,0.0,3.0,0.0,27.0,2.0,1.0,0.0,3.0,0.0,1.0,0.0,0.0,0,37.670970759275775
0.0,5.0,4.0,4.0,134.0,0.0,2.0,3.0,2.0,0.0,3.0,0.0,6.0,2.0,1.0,1.0,1.0,0.0,0.0,0.0,0.0,0,302.70930809938216
3.0,21.0,4.0,1.0,837.0,4.0,4.0,0.0,2.0,0.0,3.0,2.0,44.0,2.0,1.0,1.0,2.0,0.0,0.0,0.0,0.0,0,401.68363595562687
3.0,21.0,4.0,4.0,567.0,4.0,4.0,2.0,2.0,0.0,1.0,2.0,21.0,2.0,1.0,1.0,2.0,1.0,1.0,0.0,0.0,0,130.9789651685075
3.0,13.0,2.0,4.0,263.0,0.0,2.0,3.0,2.0,0.0,1.0,3.0,13.0,2.0,2.0,0.0,3.0,0.0,1.0,0.0,0.0,0,173.46605758580515
2.0,17.0,4.0,4.0,576.0,4.0,2.0,2.0,2.0,0.0,1.0,2.0,12.0,2.0,1.0,1.0,2.0,0.0,1.0,0.0,0.0,0,139.7356858513283
1.0,14.0,0.0,1.0,778.0,1.0,4.0,2.0,3.0,0.0,3.0,2.0,12.0,0.0,1.0,1.0,2.0,0.0,1.0,0.0,0.0,0,341.6460419002023
2.0,5.0,0.0,4.0,206.0,0.0,1.0,3.0,2.0,0.0,1.0,2.0,15.0,2.0,1.0,1.0,3.0,0.0,1.0,0.0,1.0,0,230.6001315368886
0.0,8.0,2.0,0.0,164.0,0.0,2.0,3.0,1.0,0.0,1.0,0.0,5.0,2.0,1.0,0.0,1.0,0.0,0.0,0.0,1.0,0,272.7193746425059
1.0,5.0,2.0,4.0,65.0,2.0,2.0,3.0,1.0,0.0,2.0,0.0,47.0,2.0,1.0,0.0,1.0,0.0,0.0,0.0,0.0,0,372.820748727593
3.0,19.0,2.0,0.0,483.0,0.0,2.0,2.0,1.0,0.0,2.0,0.0,2.0,2.0,0.0,0.0,2.0,0.0,0.0,0.0,1.0,0,49.10107668438534
3.0,2.0,4.0,0.0,0.0,3.0,2.0,1.0,1.0,0.0,1.0,0.0,22.0,0.0,1.0,1.0,1.0,0.0,0.0,0.0,0.0,0,436.635715196449
3.0,11.0,4.0,4.0,199.0,2.0,2.0,1.0,3.0,0.0,1.0,1.0,28.0,2.0,1.0,1.0,1.0,0.0,0.0,0.0,0.0,0,237.7557790561886
0.0,13.0,2.0,4.0,341.0,0.0,2.0,3.0,1.0,0.0,3.0,2.0,6.0,0.0,0.0,1.0,2.0,0.0,0.0,0.0,1.0,0,95.98361320995892
1.0,29.0,1.0,9.0,794.0,0.0,4.0,3.0,1.0,0.0,2.0,3.0,40.0,2.0,0.0,0.0,2.0,0.0,0.0,0.0,1.0,0,358.80315670780493
2.0,17.0,4.0,9.0,181.0,3.0,2.0,1.0,0.0,0.0,3.0,0.0,17.0,2.0,1.0,1.0,2.0,0.0,1.0,0.0,0.0,0,255.52647855049184
1.0,17.0,3.0,4.0,793.0,0.0,1.0,0.0,2.0,0.0,1.0,2.0,14.0,2.0,1.0,0.0,2.0,0.0,0.0,0.0,0.0,0,356.62561788953434
0.0,17.0,2.0,4.0,374.0,0.0,2.0,1.0,2.0,0.0,3.0,0.0,2.0,2.0,0.0,0.0,1.0,1.0,0.0,0.0,1.0,0,64.11838526641561
1.0,4.0,2.0,4.0,59.0,0.0,3.0,3.0,1.0,2.0,1.0,0.0,25.0,2.0,1.0,0.0,1.0,0.0,0.0,0.0,0.0,0,377.6554949850924
3.0,17.0,2.0,1.0,490.0,3.0,2.0,1.0,1.0,0.0,3.0,2.0,9.0,2.0,0.0,0.0,2.0,0.0,1.0,0.0,0.0,0,54.29077432766386
3.0,0.0,4.0,0.0,599.0,0.0,3.0,0.0,1.0,0.0,0.0,0.0,18.0,2.0,1.0,0.0,2.0,1.0,0.0,0.0,0.0,0,163.24752584735512
1.0,23.0,1.0,5.0,680.0,4.0,1.0,2.0,1.0,0.0,1.0,3.0,10.0,0.0,1.0,0.0,0.0,0.0,0.0,0.0,0.0,0,243.90089507774303
0.0,13.0,2.0,0.0,703.0,1.0,2.0,2.0,2.0,0.0,3.0,2.0,16.0,2.0,1.0,0.0,1.0,1.0,1.0,0.0,0.0,0,266.6262834250329
3.0,2.0,4.0,0.0,807.0,0.0,3.0,0.0,2.0,0.0,2.0,3.0,26.0,2.0,1.0,1.0,3.0,1.0,1.0,0.0,0.0,0,370.9435853476223
1.0,21.0,0.0,9.0,697.0,1.0,2.0,3.0,1.0,0.0,3.0,2.0,7.0,2.0,0.0,1.0,1.0,0.0,0.0,0.0,1.0,0,260.9351794957667
0.0,17.0,1.0,0.0,442.0,1.0,3.0,1.0,2.0,0.0,2.0,2.0,13.0,0.0,1.0,0.0,2.0,0.0,0.0,0.0,0.0,0,8.567536800295619
1.0,6.0,1.0,4.0,114.0,0.0,2.0,3.0,2.0,0.0,3.0,0.0,4.0,1.0,1.0,0.0,1.0,0.0,0.0,0.0,0.0,0,322.73057657559
3.0,15.0,2.0,4.0,578.0,4.0,4.0,3.0,2.0,0.0,2.0,1.0,22.0,2.0,1.0,0.0,2.0,0.0,1.0,0.0,0.0,0,141.7896070504183
0.0,17.0,1.0,3.0,473.0,2.0,2.0,3.0,2.0,0.0,3.0,0.0,3.0,1.0,1.0,0.0,2.0,0.0,1.0,0.0,0.0,0,39.088767353057705
0.0,9.0,4.0,9.0,320.0,0.0,1.0,2.0,2.0,0.0,0.0,1.0,9.0,0.0,1.0,1.0,1.0,0.0,0.0,0.0,0.0,0,116.89928974474586
0.0,11.0,2.0,0.0,476.0,0.0,0.0,0.0,1.0,0.0,3.0,2.0,4.0,2.0,0.0,0.0,2.0,0.0,0.0,0.0,0.0,0,41.74009102986841
0.0,8.0,2.0,0.0,180.0,0.0,1.0,2.0,1.0,0.0,0.0,0.0,18.0,2.0,1.0,0.0,1.0,0.0,0.0,0.0,1.0,0,256.5252016661365
3.0,15.0,2.0,1.0,748.0,4.0,2.0,0.0,2.0,0.0,2.0,2.0,7.0,2.0,1.0,0.0,2.0,0.0,0.0,0.0,0.0,0,311.7541174600687
3.0,11.0,2.0,1.0,558.0,0.0,3.0,1.0,2.0,0.0,1.0,2.0,14.0,2.0,1.0,0.0,2.0,0.0,0.0,0.0,0.0,0,121.67858484674052
0.0,2.0,2.0,3.0,11.0,0.0,4.0,1.0,1.0,0.0,0.0,1.0,30.0,0.0,1.0,0.0,2.0,0.0,1.0,0.0,0.0,0,425.81870080174536
0.0,13.0,2.0,0.0,103.0,0.0,1.0,0.0,1.0,0.0,1.0,2.0,4.0,2.0,1.0,0.0,1.0,0.0,0.0,0.0,1.0,0,333.65673548435825
1.0,8.0,2.0,9.0,72.0,1.0,3.0,1.0,1.0,0.0,3.0,0.0,4.0,2.0,0.0,0.0,1.0,0.0,0.0,0.0,0.0,0,364.6982746128392
3.0,21.0,4.0,4.0,762.0,0.0,3.0,3.0,1.0,0.0,1.0,2.0,6.0,2.0,1.0,1.0,2.0,0.0,0.0,0.0,0.0,0,325.838969636979
3.0,8.0,3.0,6.0,285.0,3.0,4.0,3.0,2.0,0.0,3.0,3.0,36.0,2.0,2.0,1.0,2.0,1.0,0.0,0.0,1.0,0,152.92433505084006
0.0,17.0,2.0,0.0,185.0,4.0,3.0,3.0,1.0,0.0,3.0,3.0,13.0,2.0,0.0,0.0,2.0,0.0,0.0,0.0,1.0,0,251.51164990026888
2.0,11.0,4.0,4.0,179.0,4.0,2.0,2.0,2.0,0.0,3.0,3.0,20.0,2.0,2.0,1.0,2.0,0.0,1.0,0.0,1.0,0,257.4913125863252
3.0,17.0,2.0,0.0,230.0,0.0,2.0,1.0,2.0,2.0,1.0,0.0,12.0,2.0,1.0,0.0,2.0,0.0,1.0,0.0,0.0,0,206.52898299346788
0.0,8.0,4.0,0.0,41.0,0.0,4.0,3.0,2.0,0.0,2.0,1.0,16.0,2.0,1.0,1.0,2.0,0.0,0.0,0.0,1.0,0,395.4760983286438
3.0,11.0,4.0,0.0,737.0,4.0,4.0,0.0,1.0,0.0,3.0,2.0,40.0,2.0,1.0,0.0,2.0,0.0,1.0,0.0,0.0,0,301.62630247679203
0.0,13.0,4.0,3.0,398.0,0.0,2.0,3.0,1.0,0.0,3.0,0.0,5.0,2.0,0.0,1.0,2.0,0.0,0.0,0.0,1.0,0,40.07177531400029
0.0,8.0,2.0,4.0,416.0,0.0,2.0,3.0,2.0,0.0,2.0,1.0,5.0,2.0,1.0,0.0,1.0,0.0,0.0,0.0,0.0,0,23.90787344855017
3.0,17.0,4.0,0.0,470.0,1.0,3.0,3.0,3.0,0.0,2.0,1.0,8.0,2.0,1.0,1.0,2.0,0.0,1.0,0.0,0.0,0,34.94773488811712
1.0,8.0,2.0,4.0,137.0,0.0,4.0,2.0,3.0,2.0,2.0,0.0,21.0,0.0,1.0,1.0,1.0,0.0,0.0,0.0,0.0,0,299.53238423350797
0.0,21.0,2.0,3.0,572.0,0.0,1.0,1.0,0.0,0.0,3.0,1.0,12.0,2.0,1.0,0.0,1.0,0.0,0.0,0.0,1.0,0,135.9006840487427
3.0,6.0,2.0,1.0,542.0,4.0,1.0,0.0,1.0,0.0,3.0,0.0,12.0,2.0,0.0,0.0,2.0,0.0,0.0,0.0,0.0,0,106.05462614076386
1.0,8.0,4.0,3.0,636.0,0.0,4.0,0.0,2.0,0.0,3.0,2.0,9.0,2.0,0.0,2.0,2.0,0.0,1.0,0.0,0.0,0,199.8247310698893
3.0,8.0,4.0,4.0,303.0,0.0,4.0,1.0,2.0,0.0,3.0,0.0,44.0,2.0,1.0,1.0,1.0,0.0,1.0,0.0,0.0,0,136.51313189541074
0.0,17.0,2.0,1.0,528.0,4.0,4.0,1.0,1.0,0.0,3.0,0.0,7.0,2.0,0.0,0.0,2.0,0.0,0.0,0.0,0.0,0,92.22516206769129
0.0,23.0,4.0,7.0,851.0,0.0,2.0,2.0,1.0,0.0,1.0,3.0,6.0,2.0,1.0,1.0,3.0,0.0,1.0,0.0,1.0,0,414.8468501031928
3.0,15.0,4.0,1.0,590.0,0.0,4.0,0.0,2.0,0.0,3.0,2.0,17.0,2.0,1.0,0.0,3.0,0.0,1.0,0.0,0.0,0,153.67079377730096
3.0,17.0,4.0,4.0,418.0,1.0,4.0,3.0,2.0,0.0,3.0,1.0,33.0,0.0,1.0,1.0,2.0,0.0,0.0,0.0,0.0,0,25.668618189361123
0.0,17.0,2.0,0.0,220.0,4.0,2.0,3.0,1.0,0.0,3.0,0.0,6.0,2.0,0.0,0.0,2.0,0.0,0.0,0.0,1.0,0,216.7299261569277
3.0,23.0,4.0,0.0,621.0,0.0,3.0,3.0,2.0,0.0,3.0,2.0,18.0,2.0,1.0,1.0,2.0,0.0,1.0,0.0,0.0,0,184.9027468812362
0.0,13.0,2.0,4.0,617.0,0.0,3.0,3.0,1.0,2.0,0.0,0.0,6.0,2.0,1.0,0.0,2.0,0.0,0.0,0.0,0.0,0,180.901722308906
3.0,23.0,4.0,1.0,759.0,3.0,4.0,3.0,2.0,0.0,1.0,2.0,19.0,2.0,1.0,1.0,3.0,0.0,1.0,0.0,0.0,0,322.77711575336116
1.0,13.0,2.0,6.0,664.0,0.0,0.0,1.0,1.0,0.0,3.0,2.0,48.0,2.0,1.0,0.0,2.0,0.0,1.0,0.0,0.0,0,229.892275178211
1.0,24.0,4.0,4.0,735.0,0.0,3.0,1.0,2.0,2.0,1.0,0.0,6.0,2.0,1.0,1.0,2.0,0.0,0.0,0.0,1.0,0,298.95802196062084
3.0,17.0,4.0,0.0,360.0,3.0,4.0,3.0,2.0,0.0,3.0,0.0,41.0,2.0,1.0,0.0,2.0,0.0,1.0,0.0,0.0,0,80.68820571860697
1.0,8.0,0.0,8.0,234.0,0.0,2.0,1.0,2.0,0.0,1.0,0.0,12.0,2.0,1.0,0.0,1.0,0.0,1.0,0.0,0.0,0,202.60748146788137
1.0,8.0,2.0,0.0,71.0,1.0,1.0,3.0,1.0,0.0,1.0,1.0,4.0,0.0,1.0,0.0,1.0,0.0,0.0,0.0,1.0,0,365.67065602327295
1.0,14.0,2.0,1.0,797.0,4.0,0.0,0.0,0.0,0.0,3.0,0.0,41.0,2.0,1.0,0.0,3.0,0.0,1.0,0.0,0.0,0,361.5126075328044
1.0,13.0,2.0,9.0,361.0,3.0,2.0,3.0,2.0,0.0,1.0,1.0,16.0,2.0,1.0,0.0,1.0,0.0,1.0,0.0,0.0,0,75.67725984133132
3.0,16.0,2.0,4.0,503.0,2.0,4.0,2.0,2.0,0.0,3.0,2.0,21.0,2.0,1.0,0.0,2.0,0.0,0.0,0.0,0.0,0,66.90301585782687
3.0,29.0,4.0,1.0,516.0,4.0,4.0,3.0,2.0,0.0,2.0,2.0,19.0,2.0,1.0,1.0,2.0,1.0,1.0,0.0,0.0,0,81.29640608096007
1.0,29.0,3.0,7.0,782.0,0.0,4.0,3.0,2.0,0.0,3.0,3.0,31.0,2.0,2.0,0.0,2.0,0.0,0.0,0.0,1.0,0,346.30645202578177
0.0,25.0,4.0,7.0,773.0,0.0,2.0,3.0,2.0,0.0,2.0,3.0,8.0,0.0,1.0,0.0,2.0,0.0,1.0,0.0,1.0,0,336.91818002176757
1.0,15.0,2.0,9.0,145.0,0.0,4.0,1.0,1.0,0.0,3.0,1.0,20.0,2.0,1.0,0.0,2.0,1.0,0.0,0.0,1.0,0,291.51420571272996
3.0,17.0,2.0,1.0,788.0,4.0,4.0,2.0,2.0,0.0,3.0,2.0,22.0,2.0,1.0,0.0,3.0,1.0,1.0,0.0,0.0,0,351.69592739681207
3.0,2.0,4.0,3.0,160.0,4.0,2.0,0.0,3.0,0.0,1.0,1.0,8.0,2.0,1.0,1.0,2.0,0.0,0.0,0.0,0.0,0,276.79604066886
2.0,17.0,2.0,3.0,539.0,0.0,4.0,2.0,0.0,0.0,3.0,3.0,32.0,2.0,2.0,0.0,2.0,0.0,0.0,0.0,0.0,0,103.97810736103088
3.0,17.0,2.0,3.0,564.0,2.0,4.0,3.0,2.0,0.0,2.0,3.0,13.0,2.0,0.0,0.0,2.0,0.0,1.0,0.0,0.0,0,127.71473195758038
3.0,5.0,2.0,3.0,435.0,1.0,1.0,1.0,1.0,0.0,3.0,1.0,3.0,2.0,0.0,0.0,2.0,0.0,0.0,0.0,0.0,0,15.728695827732166
0.0,13.0,2.0,1.0,835.0,4.0,4.0,0.0,2.0,0.0,3.0,1.0,32.0,2.0,2.0,0.0,2.0,1.0,1.0,0.0,1.0,0,398.9549626904803
3.0,8.0,4.0,3.0,176.0,0.0,1.0,1.0,1.0,0.0,3.0,1.0,3.0,2.0,0.0,1.0,1.0,0.0,0.0,0.0,0.0,0,260.8070867041817
3.0,17.0,3.0,0.0,48.0,4.0,4.0,3.0,3.0,0.0,3.0,2.0,35.0,2.0,1.0,1.0,2.0,0.0,1.0,0.0,0.0,0,388.9369321658978
1.0,5.0,2.0,0.0,281.0,4.0,1.0,3.0,2.0,0.0,1.0,0.0,16.0,2.0,1.0,0.0,0.0,0.0,0.0,0.0,0.0,0,155.73922753335884
3.0,17.0,4.0,7.0,298.0,0.0,4.0,3.0,2.0,0.0,3.0,3.0,35.0,2.0,2.0,1.0,2.0,1.0,0.0,0.0,0.0,0,139.87727641910772
0.0,14.0,4.0,3.0,696.0,0.0,4.0,0.0,1.0,0.0,3.0,1.0,5.0,2.0,1.0,1.0,2.0,0.0,0.0,0.0,0.0,0,259.84704711579934
3.0,8.0,4.0,4.0,103.0,4.0,4.0,3.0,2.0,0.0,3.0,2.0,16.0,2.0,1.0,1.0,2.0,0.0,0.0,0.0,0.0,0,333.4843693111619
1.0,8.0,2.0,0.0,832.0,4.0,0.0,0.0,1.0,0.0,1.0,0.0,5.0,2.0,0.0,0.0,0.0,0.0,0.0,0.0,0.0,0,395.8251934669204
0.0,23.0,2.0,0.0,871.0,0.0,3.0,1.0,2.0,0.0,0.0,2.0,5.0,2.0,1.0,0.0,2.0,0.0,1.0,0.0,1.0,0,434.8543930096321
1.0,2.0,2.0,4.0,21.0,0.0,1.0,2.0,3.0,0.0,2.0,0.0,7.0,2.0,1.0,0.0,1.0,0.0,0.0,1.0,0.0,0,415.6746733272816
3.0,8.0,4.0,4.0,90.0,4.0,4.0,3.0,2.0,0.0,3.0,0.0,46.0,2.0,1.0,3.0,2.0,0.0,0.0,0.0,0.0,0,347.8032799521216
1.0,26.0,1.0,1.0,873.0,0.0,0.0,0.0,2.0,0.0,1.0,3.0,36.0,0.0,2.0,0.0,3.0,0.0,1.0,0.0,0.0,0,437.2667894319615
1.0,11.0,0.0,0.0,318.0,0.0,1.0,1.0,1.0,0.0,0.0,0.0,7.0,2.0,0.0,1.0,0.0,0.0,0.0,0.0,1.0,0,118.90566967691524
1.0,4.0,2.0,9.0,84.0,0.0,1.0,2.0,3.0,0.0,1.0,0.0,7.0,2.0,1.0,0.0,2.0,0.0,1.0,0.0,0.0,0,352.7057961082024
1.0,2.0,2.0,4.0,16.0,0.0,3.0,2.0,3.0,2.0,2.0,0.0,9.0,0.0,1.0,0.0,1.0,0.0,0.0,0.0,0.0,0,420.63910131720695
0.0,23.0,4.0,1.0,878.0,0.0,3.0,3.0,2.0,0.0,3.0,2.0,5.0,2.0,1.0,1.0,2.0,0.0,1.0,0.0,1.0,0,441.8439431199804
0.0,29.0,2.0,5.0,561.0,0.0,2.0,2.0,2.0,0.0,3.0,2.0,35.0,2.0,1.0,0.0,2.0,0.0,0.0,0.0,1.0,0,127.04397750066346
0.0,29.0,2.0,0.0,670.0,0.0,3.0,3.0,2.0,0.0,3.0,3.0,27.0,2.0,2.0,0.0,2.0,1.0,0.0,0.0,1.0,0,234.42143326764452
1.0,23.0,3.0,0.0,831.0,0.0,2.0,1.0,1.0,0.0,1.0,1.0,35.0,2.0,0.0,0.0,2.0,0.0,0.0,0.0,0.0,0,395.1903581109092
3.0,2.0,2.0,5.0,207.0,2.0,2.0,0.0,0.0,0.0,3.0,0.0,43.0,2.0,1.0,0.0,2.0,0.0,0.0,0.0,0.0,0,231.33378281744623
3.0,2.0,4.0,4.0,284.0,0.0,3.0,0.0,1.0,0.0,1.0,2.0,5.0,2.0,0.0,1.0,2.0,0.0,1.0,0.0,0.0,0,153.26917187083168
0.0,13.0,2.0,4.0,210.0,0.0,2.0,3.0,3.0,0.0,2.0,0.0,7.0,0.0,1.0,0.0,2.0,0.0,0.0,0.0,1.0,0,226.6113118341384
3.0,8.0,2.0,0.0,125.0,0.0,2.0,2.0,3.0,0.0,1.0,0.0,8.0,2.0,1.0,1.0,2.0,0.0,1.0,0.0,0.0,0,311.5884148213107
2.0,8.0,2.0,4.0,555.0,0.0,2.0,2.0,3.0,0.0,0.0,2.0,5.0,2.0,1.0,0.0,2.0,0.0,0.0,0.0,0.0,0,119.24474723005062
0.0,23.0,2.0,3.0,509.0,0.0,4.0,1.0,2.0,0.0,1.0,1.0,22.0,0.0,1.0,0.0,2.0,1.0,0.0,0.0,1.0,0,73.55966326961325
0.0,4.0,4.0,0.0,52.0,0.0,4.0,3.0,2.0,0.0,3.0,0.0,28.0,2.0,1.0,1.0,1.0,0.0,0.0,0.0,0.0,0,384.75283138533314
3.0,13.0,4.0,3.0,654.0,0.0,1.0,2.0,0.0,0.0,1.0,2.0,16.0,2.0,1.0,1.0,3.0,0.0,1.0,0.0,0.0,0,217.6201185959908
0.0,15.0,4.0,0.0,299.0,0.0,4.0,3.0,3.0,0.0,2.0,2.0,11.0,2.0,1.0,1.0,2.0,0.0,1.0,0.0,0.0,0,137.59048266412597
0.0,23.0,2.0,1.0,857.0,4.0,4.0,2.0,2.0,0.0,3.0,3.0,28.0,2.0,2.0,0.0,2.0,0.0,0.0,0.0,1.0,0,420.9053011484345
1.0,29.0,3.0,9.0,804.0,4.0,2.0,3.0,2.0,0.0,3.0,3.0,19.0,2.0,2.0,0.0,2.0,1.0,1.0,0.0,0.0,0,367.9979136182739
3.0,17.0,3.0,9.0,455.0,2.0,2.0,3.0,2.0,0.0,1.0,2.0,25.0,2.0,1.0,1.0,2.0,1.0,1.0,0.0,0.0,0,21.92324003983533
0.0,13.0,2.0,0.0,158.0,0.0,1.0,3.0,1.0,0.0,2.0,2.0,4.0,2.0,0.0,0.0,2.0,0.0,1.0,0.0,1.0,0,278.69937232810264
1.0,17.0,2.0,4.0,738.0,4.0,4.0,1.0,1.0,0.0,3.0,2.0,23.0,2.0,1.0,0.0,2.0,0.0,1.0,0.0,0.0,0,301.72396520402333
2.0,11.0,2.0,4.0,444.0,0.0,1.0,1.0,1.0,0.0,2.0,0.0,6.0,2.0,1.0,0.0,1.0,0.0,0.0,0.0,1.0,0,13.018060767137651
0.0,8.0,0.0,0.0,122.0,0.0,2.0,3.0,2.0,0.0,3.0,2.0,29.0,0.0,1.0,1.0,2.0,0.0,0.0,0.0,1.0,0,314.7789551850792
3.0,8.0,2.0,4.0,79.0,4.0,2.0,3.0,1.0,0.0,1.0,2.0,2.0,2.0,1.0,0.0,2.0,0.0,0.0,0.0,0.0,0,357.7398511496401
3.0,0.0,2.0,3.0,22.0,0.0,1.0,0.0,1.0,0.0,2.0,0.0,4.0,2.0,0.0,0.0,1.0,1.0,0.0,0.0,0.0,0,414.8155958801985
0.0,17.0,4.0,1.0,547.0,0.0,4.0,3.0,2.0,0.0,3.0,1.0,44.0,2.0,1.0,1.0,2.0,0.0,1.0,0.0,0.0,0,114.25167528662251
3.0,17.0,4.0,4.0,492.0,0.0,4.0,3.0,3.0,1.0,2.0,0.0,27.0,2.0,1.0,1.0,2.0,0.0,0.0,0.0,0.0,0,56.93234826828495
0.0,23.0,2.0,3.0,745.0,0.0,3.0,3.0,2.0,0.0,1.0,1.0,10.0,2.0,1.0,0.0,2.0,0.0,0.0,0.0,1.0,0,308.80397850746874
3.0,15.0,3.0,1.0,552.0,0.0,2.0,2.0,2.0,0.0,1.0,0.0,9.0,1.0,1.0,1.0,1.0,0.0,0.0,0.0,0.0,0,115.8587779860742
3.0,13.0,2.0,6.0,362.0,0.0,1.0,3.0,1.0,0.0,3.0,0.0,4.0,2.0,1.0,0.0,2.0,0.0,0.0,0.0,1.0,0,75.46393122741073
3.0,17.0,1.0,9.0,286.0,0.0,3.0,3.0,2.0,0.0,3.0,2.0,31.0,0.0,1.0,0.0,2.0,0.0,1.0,0.0,0.0,0,151.35882156547044
3.0,13.0,2.0,3.0,607.0,0.0,4.0,3.0,2.0,0.0,3.0,1.0,28.0,0.0,1.0,2.0,2.0,1.0,1.0,0.0,0.0,0,171.0699036272464
1.0,15.0,2.0,3.0,678.0,4.0,3.0,1.0,2.0,0.0,2.0,2.0,16.0,2.0,1.0,0.0,2.0,0.0,1.0,0.0,0.0,0,241.62116988269432
3.0,13.0,2.0,0.0,807.0,4.0,2.0,1.0,2.0,0.0,3.0,2.0,49.0,2.0,0.0,1.0,2.0,0.0,0.0,0.0,1.0,0,372.1082621865869
3.0,17.0,2.0,0.0,174.0,0.0,1.0,3.0,3.0,0.0,1.0,0.0,9.0,2.0,1.0,0.0,2.0,0.0,0.0,0.0,0.0,0,262.56343974782396
0.0,5.0,2.0,4.0,218.0,0.0,3.0,2.0,2.0,0.0,3.0,0.0,40.0,2.0,1.0,0.0,2.0,0.0,0.0,0.0,0.0,0,219.92677616637235
0.0,8.0,2.0,4.0,47.0,0.0,4.0,3.0,2.0,0.0,3.0,0.0,38.0,1.0,1.0,0.0,1.0,0.0,0.0,0.0,1.0,0,390.0964740690693
3.0,17.0,4.0,1.0,683.0,4.0,3.0,2.0,2.0,0.0,3.0,1.0,24.0,2.0,1.0,1.0,2.0,0.0,1.0,0.0,0.0,0,246.79340121375589
3.0,11.0,4.0,4.0,251.0,0.0,2.0,3.0,2.0,0.0,3.0,3.0,16.0,2.0,2.0,1.0,2.0,0.0,1.0,0.0,0.0,0,185.46130088743064
0.0,13.0,1.0,0.0,243.0,0.0,3.0,3.0,2.0,0.0,3.0,3.0,13.0,2.0,2.0,1.0,1.0,1.0,0.0,0.0,1.0,0,193.5020262870059
3.0,17.0,2.0,0.0,253.0,1.0,1.0,3.0,3.0,0.0,2.0,0.0,14.0,2.0,1.0,0.0,2.0,0.0,1.0,0.0,0.0,0,183.5078463328473
3.0,6.0,2.0,8.0,81.0,4.0,3.0,3.0,1.0,0.0,2.0,1.0,21.0,2.0,1.0,0.0,2.0,0.0,1.0,0.0,0.0,0,355.5760270387153
3.0,11.0,4.0,3.0,593.0,0.0,2.0,3.0,2.0,0.0,1.0,3.0,9.0,2.0,2.0,0.0,2.0,0.0,1.0,0.0,0.0,0,156.79606431529496
0.0,11.0,2.0,0.0,673.0,0.0,2.0,2.0,1.0,0.0,1.0,1.0,10.0,2.0,1.0,0.0,2.0,0.0,1.0,0.0,1.0,0,236.71347836869043
3.0,5.0,2.0,0.0,628.0,1.0,2.0,0.0,2.0,2.0,1.0,0.0,7.0,2.0,0.0,0.0,2.0,1.0,0.0,1.0,0.0,0,192.05146236664095
3.0,17.0,4.0,1.0,765.0,3.0,2.0,3.0,2.0,0.0,1.0,0.0,8.0,2.0,1.0,1.0,2.0,0.0,0.0,0.0,0.0,0,328.7290999374346
3.0,13.0,3.0,9.0,409.0,0.0,2.0,3.0,3.0,0.0,1.0,2.0,9.0,2.0,1.0,0.0,2.0,0.0,1.0,0.0,1.0,0,28.9542554991227
0.0,17.0,2.0,4.0,466.0,0.0,1.0,3.0,1.0,0.0,3.0,0.0,16.0,2.0,1.0,0.0,2.0,0.0,1.0,0.0,1.0,0,30.002769499137457
3.0,19.0,4.0,3.0,709.0,3.0,1.0,3.0,2.0,0.0,1.0,0.0,13.0,1.0,1.0,1.0,1.0,1.0,1.0,0.0,0.0,0,272.6899728399467
3.0,6.0,2.0,3.0,414.0,0.0,2.0,1.0,2.0,0.0,1.0,0.0,6.0,0.0,0.0,0.0,1.0,0.0,0.0,0.0,1.0,0,25.83662894923924
3.0,11.0,2.0,3.0,417.0,2.0,2.0,1.0,1.0,0.0,3.0,2.0,1.0,2.0,0.0,0.0,2.0,0.0,0.0,0.0,0.0,0,24.7203600086623
0.0,13.0,2.0,4.0,457.0,0.0,1.0,3.0,1.0,0.0,0.0,2.0,8.0,1.0,1.0,0.0,2.0,0.0,0.0,0.0,0.0,0,22.313402492545205
3.0,8.0,4.0,3.0,591.0,0.0,4.0,1.0,2.0,0.0,3.0,1.0,23.0,1.0,1.0,0.0,2.0,0.0,0.0,0.0,0.0,0,154.8905523491118
3.0,23.0,2.0,9.0,829.0,4.0,4.0,2.0,2.0,0.0,1.0,1.0,18.0,2.0,1.0,1.0,2.0,0.0,0.0,0.0,0.0,0,392.7715150406846
0.0,8.0,2.0,3.0,30.0,0.0,4.0,3.0,1.0,0.0,3.0,1.0,5.0,2.0,0.0,0.0,2.0,0.0,0.0,0.0,0.0,0,406.6053480853894
3.0,23.0,3.0,3.0,839.0,2.0,3.0,1.0,1.0,0.0,3.0,2.0,21.0,2.0,1.0,1.0,2.0,0.0,1.0,0.0,0.0,0,402.7453300262518
2.0,2.0,4.0,0.0,208.0,0.0,4.0,0.0,2.0,0.0,3.0,0.0,27.0,2.0,1.0,1.0,2.0,1.0,0.0,1.0,0.0,0,229.0302759089483
0.0,17.0,4.0,9.0,226.0,1.0,3.0,3.0,2.0,0.0,0.0,0.0,7.0,2.0,1.0,1.0,2.0,0.0,1.0,0.0,0.0,0,210.729169045108
3.0,11.0,2.0,5.0,76.0,4.0,1.0,3.0,1.0,0.0,0.0,0.0,5.0,2.0,1.0,0.0,2.0,0.0,0.0,0.0,0.0,0,360.6121069431262
0.0,8.0,2.0,3.0,630.0,0.0,2.0,1.0,2.0,1.0,1.0,1.0,10.0,2.0,1.0,0.0,1.0,1.0,0.0,0.0,0.0,0,193.78009628250655
1.0,7.0,4.0,0.0,201.0,3.0,2.0,3.0,1.0,0.0,3.0,2.0,21.0,2.0,1.0,1.0,2.0,0.0,0.0,0.0,0.0,0,235.60197322497464
3.0,23.0,2.0,4.0,632.0,0.0,4.0,3.0,2.0,0.0,1.0,2.0,9.0,2.0,1.0,0.0,2.0,0.0,0.0,0.0,0.0,0,195.96337150021284
0.0,5.0,2.0,0.0,239.0,0.0,1.0,2.0,2.0,0.0,1.0,3.0,8.0,2.0,2.0,0.0,3.0,0.0,1.0,0.0,1.0,0,197.8091336763387
3.0,21.0,4.0,4.0,805.0,4.0,3.0,1.0,2.0,0.0,2.0,1.0,17.0,2.0,1.0,1.0,2.0,0.0,0.0,0.0,0.0,0,368.6895418561549
3.0,17.0,2.0,1.0,844.0,0.0,3.0,2.0,2.0,0.0,2.0,2.0,19.0,2.0,1.0,0.0,3.0,0.0,1.0,0.0,0.0,0,407.6319947093058
3.0,17.0,2.0,1.0,872.0,4.0,2.0,1.0,0.0,0.0,3.0,3.0,29.0,2.0,2.0,0.0,2.0,0.0,1.0,0.0,0.0,0,435.83379216449777
1.0,21.0,4.0,0.0,411.0,4.0,4.0,3.0,2.0,0.0,3.0,0.0,17.0,2.0,1.0,1.0,2.0,0.0,0.0,0.0,0.0,0,27.08567630859603
3.0,13.0,4.0,4.0,124.0,0.0,0.0,3.0,1.0,0.0,3.0,2.0,46.0,2.0,1.0,1.0,0.0,0.0,0.0,0.0,0.0,0,313.89194088446266
1.0,17.0,2.0,3.0,684.0,0.0,3.0,2.0,0.0,0.0,2.0,2.0,24.0,2.0,1.0,0.0,2.0,0.0,1.0,0.0,1.0,0,247.7636328776368
0.0,8.0,2.0,7.0,66.0,0.0,1.0,3.0,1.0,0.0,3.0,1.0,34.0,2.0,1.0,0.0,2.0,0.0,0.0,0.0,1.0,0,370.92673112641506
1.0,17.0,4.0,9.0,530.0,4.0,3.0,3.0,2.0,0.0,2.0,3.0,15.0,2.0,1.0,1.0,2.0,1.0,1.0,0.0,0.0,0,93.9224540035898
3.0,23.0,4.0,0.0,802.0,0.0,4.0,3.0,2.0,0.0,3.0,2.0,15.0,2.0,1.0,1.0,3.0,0.0,1.0,0.0,0.0,0,365.7475792843765
0.0,19.0,4.0,9.0,467.0,0.0,4.0,3.0,2.0,0.0,3.0,2.0,24.0,1.0,1.0,3.0,3.0,1.0,1.0,0.0,0.0,0,32.955604170012585
3.0,11.0,4.0,4.0,328.0,0.0,4.0,3.0,2.0,0.0,3.0,2.0,27.0,2.0,1.0,1.0,2.0,0.0,1.0,0.0,0.0,0,109.06682163844248
0.0,8.0,4.0,0.0,410.0,0.0,2.0,3.0,2.0,0.0,3.0,1.0,19.0,0.0,1.0,1.0,1.0,0.0,0.0,1.0,0.0,0,27.61948767421424
1.0,23.0,4.0,1.0,763.0,0.0,2.0,2.0,2.0,0.0,3.0,2.0,15.0,2.0,1.0,1.0,2.0,0.0,1.0,0.0,0.0,0,326.74816389202147
3.0,13.0,4.0,4.0,142.0,4.0,2.0,3.0,2.0,0.0,2.0,1.0,10.0,2.0,1.0,1.0,2.0,0.0,1.0,0.0,0.0,0,294.4939961181266
3.0,23.0,3.0,1.0,866.0,4.0,3.0,2.0,2.0,0.0,1.0,2.0,12.0,1.0,1.0,0.0,3.0,1.0,1.0,0.0,0.0,0,429.7368994120736
0.0,15.0,2.0,4.0,491.0,0.0,1.0,3.0,1.0,0.0,3.0,1.0,9.0,2.0,0.0,0.0,3.0,0.0,1.0,0.0,0.0,0,55.146931766765455
3.0,8.0,4.0,3.0,296.0,3.0,3.0,2.0,1.0,0.0,1.0,1.0,16.0,2.0,1.0,0.0,2.0,0.0,0.0,1.0,0.0,0,140.55583323167951
3.0,11.0,2.0,3.0,412.0,4.0,3.0,0.0,1.0,0.0,3.0,0.0,14.0,0.0,0.0,0.0,1.0,0.0,0.0,0.0,0.0,0,25.092961853326607
0.0,13.0,2.0,3.0,689.0,0.0,2.0,1.0,2.0,1.0,2.0,2.0,23.0,2.0,1.0,0.0,2.0,0.0,0.0,0.0,1.0,0,252.7077611530137
0.0,12.0,4.0,0.0,495.0,0.0,4.0,1.0,2.0,2.0,3.0,1.0,24.0,0.0,0.0,0.0,2.0,0.0,1.0,0.0,1.0,0,59.435461512737064
3.0,14.0,4.0,0.0,613.0,4.0,1.0,1.0,0.0,0.0,3.0,0.0,25.0,2.0,1.0,1.0,2.0,0.0,1.0,0.0,0.0,0,176.92373426738672
3.0,23.0,4.0,1.0,886.0,4.0,4.0,1.0,2.0,0.0,3.0,3.0,23.0,2.0,2.0,1.0,2.0,0.0,0.0,0.0,0.0,0,449.77918171550493
3.0,11.0,2.0,4.0,227.0,4.0,2.0,3.0,3.0,0.0,1.0,0.0,21.0,2.0,0.0,0.0,2.0,0.0,1.0,0.0,0.0,0,209.53152396379107
3.0,17.0,2.0,4.0,182.0,0.0,4.0,3.0,2.0,0.0,0.0,0.0,17.0,2.0,1.0,0.0,3.0,0.0,1.0,0.0,0.0,0,254.4645927925069
0.0,8.0,2.0,4.0,127.0,0.0,2.0,1.0,2.0,0.0,1.0,0.0,1.0,2.0,0.0,0.0,3.0,1.0,1.0,0.0,0.0,0,309.83287812806975
0.0,15.0,2.0,0.0,652.0,4.0,3.0,1.0,2.0,1.0,1.0,0.0,5.0,2.0,1.0,0.0,1.0,0.0,0.0,1.0,0.0,0,215.93787679695671
1.0,23.0,2.0,7.0,648.0,4.0,2.0,1.0,3.0,0.0,1.0,2.0,8.0,2.0,1.0,0.0,2.0,0.0,0.0,0.0,0.0,0,212.013076559053
3.0,11.0,3.0,1.0,631.0,0.0,1.0,0.0,1.0,0.0,1.0,1.0,27.0,2.0,1.0,1.0,1.0,0.0,0.0,0.0,0.0,0,194.97010197234945
1.0,5.0,2.0,0.0,583.0,4.0,2.0,0.0,1.0,0.0,1.0,0.0,14.0,2.0,1.0,0.0,1.0,0.0,0.0,0.0,0.0,0,146.94753552208533
3.0,23.0,3.0,4.0,705.0,0.0,2.0,3.0,1.0,0.0,3.0,0.0,15.0,2.0,1.0,1.0,2.0,0.0,0.0,0.0,0.0,0,268.77635109606484
1.0,17.0,4.0,3.0,724.0,0.0,1.0,1.0,1.0,0.0,3.0,2.0,6.0,0.0,1.0,0.0,1.0,0.0,0.0,0.0,1.0,0,287.8029526333147
1.0,21.0,2.0,4.0,551.0,4.0,4.0,1.0,1.0,0.0,3.0,2.0,6.0,2.0,1.0,0.0,2.0,0.0,0.0,0.0,0.0,0,115.3288213926341
3.0,7.0,2.0,9.0,404.0,3.0,4.0,0.0,0.0,0.0,1.0,0.0,9.0,2.0,1.0,0.0,2.0,0.0,1.0,0.0,0.0,0,34.4992266078326
0.0,17.0,1.0,9.0,579.0,0.0,2.0,3.0,2.0,0.0,1.0,1.0,12.0,2.0,0.0,0.0,2.0,0.0,1.0,0.0,1.0,0,142.83297789093766
3.0,6.0,2.0,1.0,534.0,1.0,2.0,0.0,2.0,1.0,1.0,0.0,13.0,2.0,1.0,0.0,2.0,1.0,0.0,0.0,0.0,0,98.00266487360804
0.0,17.0,2.0,3.0,452.0,1.0,0.0,0.0,0.0,0.0,0.0,1.0,14.0,2.0,1.0,0.0,2.0,0.0,0.0,0.0,1.0,0,16.684608356918993
0.0,17.0,2.0,3.0,594.0,0.0,4.0,3.0,2.0,0.0,1.0,1.0,20.0,2.0,0.0,0.0,3.0,0.0,1.0,0.0,1.0,0,157.72257453821643
3.0,13.0,4.0,3.0,324.0,0.0,2.0,3.0,1.0,0.0,1.0,3.0,9.0,2.0,1.0,1.0,2.0,0.0,0.0,0.0,0.0,0,112.66530304935492
0.0,5.0,2.0,4.0,219.0,0.0,1.0,2.0,1.0,0.0,3.0,1.0,3.0,2.0,0.0,0.0,2.0,0.0,0.0,0.0,1.0,0,217.9774113284816
1.0,8.0,2.0,0.0,376.0,0.0,3.0,2.0,2.0,0.0,3.0,1.0,11.0,2.0,0.0,0.0,2.0,1.0,1.0,0.0,0.0,0,60.99610709096476
0.0,8.0,1.0,0.0,42.0,0.0,1.0,3.0,2.0,0.0,1.0,2.0,27.0,0.0,1.0,1.0,2.0,0.0,1.0,0.0,1.0,0,394.63845172957
0.0,13.0,4.0,3.0,115.0,0.0,1.0,3.0,1.0,0.0,3.0,1.0,2.0,2.0,0.0,0.0,2.0,0.0,0.0,0.0,0.0,0,321.726279937418
0.0,29.0,2.0,1.0,884.0,0.0,3.0,3.0,2.0,0.0,3.0,3.0,20.0,1.0,2.0,2.0,2.0,1.0,1.0,0.0,1.0,0,447.9021687403812
3.0,21.0,2.0,4.0,337.0,4.0,4.0,3.0,2.0,0.0,3.0,2.0,39.0,2.0,1.0,0.0,2.0,0.0,1.0,0.0,0.0,0,102.43516068946468
0.0,8.0,3.0,0.0,209.0,0.0,2.0,3.0,2.0,0.0,1.0,0.0,24.0,2.0,1.0,1.0,1.0,1.0,0.0,0.0,0.0,0,227.66899555178017
0.0,17.0,2.0,3.0,313.0,0.0,1.0,3.0,2.0,1.0,0.0,1.0,5.0,2.0,1.0,0.0,1.0,0.0,0.0,1.0,0.0,0,123.9883112028306
1.0,5.0,2.0,4.0,306.0,0.0,1.0,3.0,1.0,0.0,1.0,2.0,3.0,2.0,1.0,0.0,2.0,0.0,1.0,0.0,1.0,0,131.34483252012953
3.0,5.0,4.0,0.0,162.0,0.0,2.0,2.0,2.0,0.0,0.0,0.0,11.0,2.0,1.0,1.0,2.0,0.0,0.0,0.0,0.0,0,274.62379326065746
3.0,8.0,4.0,4.0,18.0,2.0,4.0,3.0,2.0,0.0,3.0,1.0,23.0,2.0,1.0,1.0,2.0,1.0,1.0,0.0,0.0,0,418.5218680741056
0.0,8.0,2.0,4.0,260.0,0.0,2.0,3.0,1.0,0.0,0.0,2.0,4.0,0.0,1.0,0.0,2.0,0.0,0.0,0.0,0.0,0,176.9285784101815
1.0,21.0,3.0,4.0,350.0,1.0,1.0,3.0,2.0,0.0,2.0,3.0,11.0,1.0,1.0,1.0,3.0,0.0,0.0,0.0,1.0,0,86.92324707102294
2.0,5.0,2.0,4.0,54.0,0.0,2.0,2.0,1.0,0.0,1.0,0.0,9.0,2.0,1.0,0.0,1.0,0.0,0.0,0.0,1.0,0,382.57396243565
1.0,2.0,2.0,4.0,385.0,0.0,1.0,3.0,3.0,0.0,2.0,2.0,11.0,2.0,0.0,0.0,3.0,0.0,1.0,0.0,0.0,0,52.99584226606522
1.0,31.0,2.0,7.0,785.0,0.0,2.0,3.0,2.0,0.0,3.0,3.0,23.0,2.0,2.0,0.0,2.0,0.0,0.0,0.0,1.0,0,349.13546973688
3.0,17.0,4.0,1.0,809.0,4.0,2.0,1.0,2.0,0.0,3.0,1.0,27.0,2.0,1.0,1.0,3.0,1.0,1.0,0.0,0.0,0,372.805975679749
3.0,8.0,2.0,0.0,620.0,4.0,1.0,1.0,2.0,0.0,2.0,1.0,26.0,2.0,1.0,0.0,3.0,1.0,1.0,0.0,0.0,0,184.0294369319116
3.0,6.0,2.0,0.0,280.0,0.0,2.0,2.0,2.0,0.0,1.0,0.0,12.0,2.0,1.0,0.0,1.0,1.0,0.0,1.0,0.0,0,156.70038228145606
3.0,17.0,2.0,3.0,89.0,4.0,3.0,3.0,2.0,0.0,1.0,2.0,12.0,1.0,1.0,0.0,2.0,0.0,1.0,0.0,0.0,0,347.46971501643185
3.0,0.0,4.0,0.0,248.0,0.0,3.0,1.0,2.0,0.0,0.0,0.0,23.0,2.0,1.0,2.0,1.0,1.0,0.0,0.0,0.0,0,189.10038583422465
0.0,11.0,2.0,3.0,332.0,0.0,1.0,3.0,1.0,2.0,0.0,1.0,27.0,2.0,0.0,0.0,2.0,0.0,0.0,0.0,0.0,0,105.10835123546296
1.0,29.0,0.0,0.0,858.0,2.0,1.0,0.0,1.0,0.0,0.0,2.0,11.0,2.0,1.0,1.0,2.0,0.0,0.0,0.0,0.0,0,421.9384226381604
0.0,17.0,1.0,3.0,595.0,2.0,1.0,3.0,2.0,0.0,3.0,3.0,11.0,2.0,2.0,0.0,2.0,1.0,1.0,0.0,1.0,0,158.75529777640278
3.0,8.0,2.0,0.0,535.0,4.0,0.0,3.0,2.0,0.0,3.0,3.0,19.0,2.0,1.0,0.0,3.0,0.0,1.0,0.0,0.0,0,98.9702219570516
3.0,13.0,2.0,3.0,273.0,0.0,1.0,3.0,3.0,1.0,0.0,1.0,24.0,2.0,1.0,0.0,1.0,1.0,0.0,0.0,1.0,0,163.65810666737323
3.0,17.0,2.0,4.0,638.0,1.0,4.0,1.0,2.0,0.0,3.0,2.0,12.0,2.0,1.0,1.0,2.0,0.0,0.0,0.0,1.0,0,201.6812697198144
0.0,23.0,3.0,9.0,405.0,0.0,3.0,1.0,2.0,0.0,0.0,2.0,5.0,2.0,1.0,1.0,2.0,0.0,1.0,0.0,1.0,0,35.16944633654185
1.0,17.0,2.0,1.0,686.0,2.0,1.0,2.0,1.0,0.0,3.0,2.0,9.0,2.0,0.0,0.0,2.0,0.0,0.0,0.0,1.0,0,249.73479508332144
0.0,8.0,2.0,0.0,344.0,0.0,2.0,3.0,1.0,2.0,3.0,1.0,10.0,2.0,1.0,0.0,2.0,0.0,1.0,0.0,0.0,0,92.88009452363154
0.0,17.0,4.0,4.0,165.0,3.0,4.0,3.0,1.0,0.0,3.0,1.0,38.0,2.0,0.0,1.0,3.0,0.0,1.0,0.0,0.0,0,272.3681808908921
2.0,21.0,4.0,4.0,645.0,4.0,4.0,3.0,2.0,0.0,3.0,1.0,30.0,1.0,1.0,1.0,1.0,0.0,0.0,0.0,0.0,0,209.2500671355444
1.0,5.0,4.0,4.0,136.0,0.0,4.0,1.0,2.0,0.0,3.0,0.0,18.0,2.0,1.0,2.0,1.0,0.0,0.0,0.0,0.0,0,300.5626187459789
0.0,20.0,2.0,0.0,681.0,0.0,2.0,2.0,2.0,0.0,1.0,2.0,26.0,2.0,1.0,0.0,1.0,0.0,0.0,0.0,1.0,0,244.925361258818
1.0,17.0,2.0,3.0,565.0,1.0,4.0,3.0,2.0,0.0,3.0,3.0,11.0,2.0,2.0,0.0,2.0,0.0,0.0,0.0,0.0,0,128.7708168224366
3.0,2.0,4.0,4.0,311.0,0.0,4.0,1.0,3.0,0.0,1.0,0.0,11.0,2.0,0.0,1.0,2.0,0.0,0.0,0.0,0.0,0,126.08735967607284
1.0,15.0,3.0,0.0,451.0,0.0,2.0,0.0,0.0,0.0,3.0,1.0,28.0,2.0,1.0,1.0,2.0,0.0,0.0,0.0,0.0,0,19.62651005389302
3.0,11.0,2.0,0.0,623.0,4.0,2.0,2.0,2.0,0.0,1.0,3.0,10.0,2.0,1.0,0.0,2.0,0.0,0.0,0.0,0.0,0,186.76867436096333
3.0,17.0,2.0,4.0,460.0,2.0,4.0,2.0,2.0,0.0,1.0,2.0,16.0,0.0,1.0,1.0,2.0,0.0,1.0,0.0,1.0,0,24.093910185541898
1.0,2.0,2.0,6.0,14.0,0.0,1.0,2.0,3.0,0.0,0.0,1.0,3.0,2.0,1.0,0.0,1.0,0.0,0.0,0.0,0.0,0,422.7812302161724
1.0,21.0,2.0,4.0,308.0,4.0,2.0,3.0,1.0,0.0,0.0,2.0,7.0,2.0,1.0,0.0,2.0,0.0,0.0,0.0,0.0,0,128.9923528074699
1.0,19.0,4.0,4.0,478.0,2.0,2.0,3.0,2.0,0.0,1.0,1.0,4.0,2.0,1.0,1.0,1.0,0.0,0.0,0.0,1.0,0,43.67957842373189
3.0,11.0,2.0,4.0,626.0,0.0,4.0,3.0,1.0,0.0,1.0,2.0,35.0,0.0,0.0,0.0,3.0,0.0,1.0,0.0,0.0,0,190.61035088034828
3.0,26.0,2.0,4.0,819.0,4.0,3.0,1.0,3.0,0.0,3.0,1.0,10.0,2.0,0.0,0.0,2.0,0.0,1.0,0.0,0.0,0,382.86225860996376
0.0,7.0,4.0,0.0,671.0,0.0,2.0,0.0,2.0,0.0,1.0,0.0,21.0,2.0,1.0,1.0,1.0,1.0,0.0,0.0,0.0,0,234.79268727348705
1.0,11.0,2.0,6.0,265.0,1.0,2.0,3.0,2.0,2.0,1.0,0.0,3.0,2.0,1.0,0.0,2.0,0.0,0.0,0.0,0.0,0,171.95280876790255
3.0,17.0,2.0,0.0,827.0,0.0,2.0,0.0,2.0,0.0,3.0,1.0,24.0,2.0,1.0,0.0,1.0,1.0,0.0,0.0,0.0,0,390.7199474535506
0.0,31.0,2.0,9.0,824.0,0.0,4.0,3.0,2.0,1.0,3.0,3.0,17.0,2.0,0.0,0.0,2.0,0.0,0.0,0.0,1.0,0,388.0472605370928
3.0,21.0,4.0,4.0,532.0,0.0,2.0,3.0,1.0,0.0,1.0,2.0,14.0,2.0,1.0,0.0,2.0,0.0,1.0,0.0,0.0,0,95.9461965705567
2.0,17.0,2.0,4.0,176.0,2.0,2.0,2.0,1.0,0.0,2.0,2.0,38.0,2.0,1.0,0.0,1.0,0.0,0.0,0.0,0.0,0,261.38238285700555
1.0,2.0,2.0,4.0,56.0,0.0,2.0,1.0,1.0,2.0,2.0,0.0,45.0,2.0,1.0,0.0,2.0,0.0,0.0,0.0,0.0,0,381.7117745462143
1.0,13.0,3.0,9.0,465.0,4.0,4.0,3.0,2.0,0.0,1.0,1.0,23.0,2.0,1.0,1.0,2.0,0.0,0.0,0.0,0.0,0,30.261133938773146
3.0,17.0,3.0,0.0,481.0,0.0,4.0,3.0,2.0,0.0,3.0,2.0,28.0,2.0,1.0,1.0,1.0,1.0,0.0,0.0,1.0,0,46.59762374701563
1.0,11.0,1.0,0.0,178.0,1.0,2.0,1.0,3.0,0.0,1.0,1.0,6.0,2.0,0.0,0.0,2.0,0.0,0.0,0.0,1.0,0,258.64669388363177
1.0,21.0,4.0,3.0,859.0,0.0,3.0,1.0,2.0,0.0,1.0,1.0,30.0,2.0,1.0,0.0,2.0,0.0,0.0,0.0,1.0,0,422.9022368754932
3.0,29.0,2.0,9.0,733.0,0.0,0.0,2.0,2.0,0.0,1.0,2.0,14.0,0.0,0.0,0.0,3.0,0.0,1.0,0.0,1.0,0,297.08083237212384
2.0,15.0,2.0,0.0,544.0,1.0,2.0,0.0,1.0,0.0,0.0,2.0,9.0,0.0,1.0,0.0,3.0,0.0,1.0,0.0,0.0,0,107.93155528884044
0.0,23.0,2.0,1.0,855.0,0.0,2.0,1.0,2.0,0.0,1.0,1.0,7.0,2.0,1.0,0.0,2.0,1.0,0.0,0.0,1.0,0,418.8074026727778
3.0,17.0,4.0,3.0,379.0,0.0,3.0,1.0,2.0,0.0,1.0,1.0,11.0,2.0,1.0,1.0,1.0,0.0,0.0,0.0,0.0,0,57.79572634524442
0.0,11.0,4.0,3.0,241.0,0.0,2.0,3.0,1.0,0.0,2.0,1.0,6.0,2.0,0.0,1.0,2.0,0.0,0.0,0.0,0.0,0,195.6964141600418
2.0,26.0,0.0,9.0,786.0,0.0,1.0,1.0,0.0,0.0,0.0,1.0,14.0,2.0,1.0,1.0,2.0,0.0,0.0,0.0,0.0,0,349.889283071068
3.0,9.0,2.0,4.0,233.0,1.0,0.0,1.0,1.0,0.0,3.0,0.0,45.0,2.0,1.0,0.0,2.0,0.0,0.0,0.0,0.0,0,205.5707040285484
0.0,17.0,2.0,1.0,801.0,0.0,0.0,3.0,2.0,0.0,1.0,3.0,10.0,2.0,2.0,0.0,3.0,0.0,1.0,0.0,0.0,0,364.6849904958819
1.0,17.0,4.0,4.0,312.0,0.0,4.0,3.0,2.0,0.0,1.0,1.0,29.0,2.0,1.0,1.0,1.0,0.0,0.0,0.0,0.0,0,125.19329703561702
3.0,8.0,4.0,7.0,624.0,4.0,1.0,1.0,2.0,0.0,0.0,1.0,18.0,2.0,1.0,1.0,1.0,1.0,0.0,0.0,0.0,0,187.7751861322151
3.0,11.0,1.0,4.0,289.0,1.0,4.0,3.0,2.0,0.0,3.0,2.0,15.0,0.0,1.0,0.0,1.0,1.0,0.0,0.0,0.0,0,147.48554615549114
0.0,13.0,2.0,4.0,358.0,4.0,3.0,1.0,3.0,0.0,3.0,2.0,4.0,2.0,0.0,1.0,1.0,0.0,0.0,0.0,0.0,0,79.42551377650464
0.0,23.0,2.0,3.0,673.0,0.0,0.0,3.0,2.0,0.0,2.0,1.0,11.0,2.0,1.0,0.0,3.0,0.0,1.0,0.0,0.0,0,236.85754912962508
3.0,8.0,2.0,0.0,458.0,4.0,4.0,3.0,2.0,0.0,2.0,2.0,31.0,2.0,1.0,0.0,2.0,0.0,1.0,0.0,0.0,0,27.45226299093772
3.0,8.0,2.0,3.0,310.0,0.0,3.0,2.0,1.0,0.0,3.0,0.0,12.0,2.0,1.0,0.0,1.0,0.0,0.0,0.0,0.0,0,126.62237738521252
0.0,21.0,2.0,1.0,661.0,0.0,2.0,3.0,0.0,0.0,3.0,1.0,21.0,2.0,1.0,0.0,3.0,0.0,1.0,0.0,0.0,0,224.8128416863238
3.0,8.0,2.0,4.0,69.0,0.0,4.0,3.0,2.0,0.0,3.0,2.0,19.0,2.0,1.0,0.0,2.0,0.0,0.0,0.0,0.0,0,367.477887189692
0.0,27.0,2.0,4.0,332.0,0.0,2.0,3.0,2.0,0.0,3.0,3.0,4.0,2.0,2.0,0.0,2.0,0.0,1.0,0.0,1.0,0,106.00101266088582
1.0,27.0,4.0,1.0,711.0,1.0,0.0,2.0,2.0,0.0,3.0,2.0,8.0,2.0,1.0,0.0,2.0,0.0,0.0,0.0,0.0,0,275.062427816922
