col_0,col_1,col_2,col_3,col_4,col_5,col_6,col_7,col_8,col_9,Age,Salary,cluster
0.0,0.0,0.0,2.0,0.0,0.0,0.0,0.0,0.0,0.0,53.0,30561.0,0
0.0,0.0,0.0,1.0,0.0,0.0,0.0,1.0,0.0,0.0,44.0,61456.0,12
0.0,0.0,0.0,1.0,0.0,0.0,0.0,1.0,0.0,0.0,56.0,56645.0,12
0.0,0.0,0.0,1.0,0.0,0.0,0.0,0.0,1.0,0.0,56.0,52867.0,1
0.0,0.0,0.0,2.0,0.0,0.0,0.0,0.0,0.0,0.0,57.0,52086.0,0
0.0,0.0,0.0,0.0,0.0,0.0,0.0,1.0,0.0,1.0,32.0,37054.0,2
0.0,0.0,0.0,0.0,0.0,0.0,0.0,1.0,0.0,1.0,42.0,50874.0,2
0.0,0.0,1.0,1.0,0.0,0.0,0.0,0.0,0.0,0.0,46.0,48506.0,3
1.0,0.0,0.0,0.0,0.0,0.0,0.0,1.0,0.0,0.0,46.0,48156.0,4
0.0,0.0,0.0,1.0,0.0,0.0,0.0,0.0,0.0,1.0,37.0,62183.0,5
0.0,0.0,0.0,1.0,0.0,0.0,0.0,0.0,1.0,0.0,55.0,34879.0,1
0.0,1.0,0.0,1.0,0.0,0.0,0.0,0.0,0.0,0.0,45.0,52896.0,6
0.0,0.0,0.0,0.0,0.0,0.0,0.0,1.0,0.0,1.0,37.0,51289.0,2
1.0,0.0,0.0,1.0,0.0,0.0,0.0,0.0,0.0,0.0,54.0,50308.0,7
1.0,0.0,0.0,1.0,0.0,0.0,0.0,0.0,0.0,0.0,57.0,47250.0,7
1.0,0.0,0.0,0.0,0.0,0.0,0.0,1.0,0.0,0.0,21.0,24135.0,4
0.0,0.0,0.0,0.0,0.0,0.0,0.0,1.0,0.0,1.0,65.0,41614.0,2
1.0,0.0,0.0,0.0,0.0,0.0,0.0,1.0,0.0,0.0,24.0,24379.0,4
0.0,0.0,1.0,0.0,0.0,0.0,0.0,1.0,0.0,0.0,31.0,43024.0,10
0.0,0.0,0.0,1.0,0.0,0.0,0.0,0.0,1.0,0.0,58.0,43005.0,1
0.0,0.0,0.0,1.0,0.0,0.0,0.0,0.0,0.0,1.0,31.0,31294.0,8
0.0,0.0,0.0,0.0,0.0,0.0,0.0,1.0,0.0,1.0,34.0,36112.0,2
0.0,1.0,0.0,1.0,0.0,0.0,0.0,0.0,0.0,0.0,60.0,43304.0,6
0.0,0.0,0.0,0.0,0.0,0.0,0.0,1.0,0.0,1.0,23.0,27520.0,2
1.0,0.0,0.0,1.0,0.0,0.0,0.0,0.0,0.0,0.0,28.0,39256.0,7
1.0,0.0,0.0,1.0,0.0,0.0,0.0,0.0,0.0,0.0,33.0,33984.0,7
0.0,0.0,0.0,1.0,0.0,0.0,0.0,0.0,0.0,1.0,29.0,41423.0,8
0.0,0.0,0.0,2.0,0.0,0.0,0.0,0.0,0.0,0.0,53.0,37400.0,0
1.0,0.0,0.0,1.0,0.0,0.0,0.0,0.0,0.0,0.0,22.0,24914.0,7
0.0,0.0,0.0,0.0,0.0,0.0,0.0,1.0,1.0,0.0,28.0,41207.0,11
0.0,0.0,0.0,2.0,0.0,0.0,0.0,0.0,0.0,0.0,18.0,21320.0,0
0.0,1.0,0.0,1.0,0.0,0.0,0.0,0.0,0.0,0.0,44.0,66421.0,6
0.0,0.0,0.0,1.0,0.0,0.0,1.0,0.0,0.0,0.0,46.0,66295.0,9
0.0,0.0,0.0,0.0,0.0,0.0,0.0,1.0,0.0,1.0,62.0,54890.0,2
0.0,0.0,1.0,0.0,0.0,0.0,0.0,1.0,0.0,0.0,56.0,31038.0,10
1.0,0.0,0.0,1.0,0.0,0.0,0.0,0.0,0.0,0.0,48.0,48063.0,7
1.0,0.0,0.0,1.0,0.0,0.0,0.0,0.0,0.0,0.0,36.0,58280.0,7
1.0,0.0,0.0,1.0,0.0,0.0,0.0,0.0,0.0,0.0,20.0,26213.0,7
1.0,0.0,0.0,1.0,0.0,0.0,0.0,0.0,0.0,0.0,32.0,36179.0,7
1.0,0.0,0.0,0.0,0.0,0.0,0.0,1.0,0.0,0.0,63.0,45597.0,4
0.0,0.0,0.0,2.0,0.0,0.0,0.0,0.0,0.0,0.0,36.0,46838.0,0
0.0,0.0,0.0,0.0,0.0,0.0,0.0,1.0,0.0,1.0,47.0,45309.0,2
1.0,0.0,0.0,1.0,0.0,0.0,0.0,0.0,0.0,0.0,22.0,22807.0,7
0.0,0.0,0.0,1.0,0.0,0.0,0.0,1.0,0.0,0.0,61.0,32709.0,12
0.0,0.0,0.0,1.0,0.0,0.0,0.0,0.0,0.0,1.0,32.0,38189.0,8
1.0,0.0,0.0,1.0,0.0,0.0,0.0,0.0,0.0,0.0,34.0,43849.0,7
1.0,0.0,0.0,1.0,0.0,0.0,0.0,0.0,0.0,0.0,58.0,44218.0,7
0.0,0.0,0.0,1.0,0.0,0.0,0.0,0.0,0.0,1.0,55.0,51132.0,5
0.0,0.0,1.0,0.0,0.0,0.0,0.0,1.0,0.0,0.0,60.0,55702.0,10
0.0,0.0,0.0,1.0,0.0,0.0,1.0,0.0,0.0,0.0,30.0,35427.0,9
0.0,0.0,0.0,1.0,0.0,0.0,0.0,0.0,0.0,1.0,45.0,63541.0,5
0.0,0.0,0.0,1.0,0.0,0.0,1.0,0.0,0.0,0.0,25.0,44056.0,9
0.0,0.0,0.0,0.0,0.0,0.0,0.0,1.0,0.0,1.0,52.0,33124.0,2
1.0,0.0,0.0,1.0,0.0,0.0,0.0,0.0,0.0,0.0,32.0,44660.0,7
0.0,0.0,1.0,0.0,0.0,0.0,0.0,1.0,0.0,0.0,59.0,47306.0,10
1.0,0.0,0.0,1.0,0.0,0.0,0.0,0.0,0.0,0.0,27.0,30697.0,7
0.0,0.0,0.0,1.0,0.0,0.0,0.0,0.0,0.0,1.0,35.0,52528.0,5
1.0,0.0,0.0,1.0,0.0,0.0,0.0,0.0,0.0,0.0,27.0,33463.0,7
0.0,0.0,1.0,1.0,0.0,0.0,0.0,0.0,0.0,0.0,22.0,29286.0,3
1.0,0.0,0.0,1.0,0.0,0.0,0.0,0.0,0.0,0.0,21.0,27790.0,7
0.0,0.0,0.0,1.0,0.0,0.0,1.0,0.0,0.0,0.0,28.0,34441.0,9
0.0,0.0,1.0,0.0,0.0,0.0,0.0,1.0,0.0,0.0,37.0,46525.0,10
1.0,0.0,0.0,1.0,0.0,0.0,0.0,0.0,0.0,0.0,56.0,32436.0,7
0.0,0.0,1.0,0.0,0.0,0.0,0.0,1.0,0.0,0.0,65.0,52427.0,10
0.0,0.0,0.0,1.0,0.0,0.0,0.0,1.0,0.0,0.0,54.0,39187.0,12
0.0,0.0,0.0,2.0,0.0,0.0,0.0,0.0,0.0,0.0,36.0,62794.0,0
0.0,1.0,0.0,1.0,0.0,0.0,0.0,0.0,0.0,0.0,25.0,40782.0,6
0.0,0.0,0.0,0.0,0.0,0.0,0.0,1.0,0.0,1.0,47.0,46078.0,2
0.0,0.0,0.0,1.0,0.0,0.0,0.0,1.0,0.0,0.0,62.0,35877.0,12
0.0,0.0,0.0,0.0,0.0,0.0,0.0,1.0,0.0,1.0,37.0,55305.0,2
0.0,0.0,0.0,1.0,0.0,0.0,0.0,0.0,0.0,1.0,62.0,30513.0,5
0.0,0.0,0.0,1.0,0.0,0.0,0.0,0.0,1.0,0.0,43.0,51788.0,1
0.0,0.0,0.0,1.0,0.0,0.0,1.0,0.0,0.0,0.0,35.0,64235.0,9
1.0,0.0,0.0,1.0,0.0,0.0,0.0,0.0,0.0,0.0,50.0,34724.0,7
0.0,0.0,0.0,1.0,0.0,0.0,1.0,0.0,0.0,0.0,52.0,54649.0,9
1.0,0.0,0.0,1.0,0.0,0.0,0.0,0.0,0.0,0.0,46.0,58051.0,7
0.0,0.0,0.0,2.0,0.0,0.0,0.0,0.0,0.0,0.0,23.0,21260.0,0
1.0,0.0,0.0,0.0,0.0,0.0,0.0,1.0,0.0,0.0,56.0,39806.0,4
0.0,0.0,0.0,1.0,0.0,0.0,0.0,0.0,1.0,0.0,20.0,22661.0,1
1.0,0.0,0.0,1.0,0.0,0.0,0.0,0.0,0.0,0.0,45.0,63479.0,7
0.0,0.0,0.0,1.0,0.0,0.0,0.0,0.0,0.0,1.0,65.0,37879.0,5
1.0,0.0,0.0,1.0,0.0,0.0,0.0,0.0,0.0,0.0,38.0,63569.0,7
0.0,1.0,0.0,1.0,0.0,0.0,0.0,0.0,0.0,0.0,56.0,57349.0,6
1.0,0.0,0.0,0.0,0.0,0.0,0.0,1.0,0.0,0.0,34.0,43917.0,4
0.0,1.0,0.0,1.0,0.0,0.0,0.0,0.0,0.0,0.0,19.0,26375.0,6
1.0,0.0,0.0,1.0,0.0,0.0,0.0,0.0,0.0,0.0,23.0,28856.0,7
1.0,0.0,0.0,1.0,0.0,0.0,0.0,0.0,0.0,0.0,61.0,42577.0,7
0.0,0.0,0.0,1.0,0.0,0.0,0.0,0.0,0.0,1.0,54.0,54759.0,5
0.0,0.0,0.0,0.0,0.0,0.0,0.0,1.0,1.0,0.0,55.0,54239.0,11
0.0,0.0,0.0,0.0,0.0,0.0,0.0,1.0,0.0,1.0,19.0,22292.0,2
1.0,0.0,0.0,1.0,0.0,0.0,0.0,0.0,0.0,0.0,61.0,55903.0,7
1.0,0.0,0.0,1.0,0.0,0.0,0.0,0.0,0.0,0.0,35.0,67587.0,7
0.0,0.0,0.0,1.0,0.0,0.0,0.0,0.0,0.0,1.0,54.0,53729.0,5
0.0,0.0,0.0,1.0,0.0,0.0,0.0,0.0,1.0,0.0,20.0,21284.0,1
1.0,0.0,0.0,1.0,0.0,0.0,0.0,0.0,0.0,0.0,29.0,38204.0,7
0.0,0.0,0.0,1.0,0.0,0.0,1.0,0.0,0.0,0.0,48.0,69427.0,9
1.0,0.0,0.0,0.0,0.0,0.0,0.0,1.0,0.0,0.0,51.0,41333.0,4
0.0,0.0,0.0,1.0,0.0,0.0,0.0,0.0,1.0,0.0,59.0,31759.0,1
1.0,0.0,0.0,1.0,0.0,0.0,0.0,0.0,0.0,0.0,46.0,48200.0,7
0.0,0.0,0.0,1.0,0.0,0.0,0.0,1.0,0.0,0.0,35.0,59322.0,12
0.0,0.0,0.0,0.0,0.0,0.0,0.0,1.0,0.0,1.0,55.0,57481.0,2
0.0,0.0,0.0,1.0,0.0,0.0,1.0,0.0,0.0,0.0,45.0,47490.0,9
0.0,0.0,0.0,1.0,0.0,0.0,0.0,0.0,1.0,0.0,58.0,41160.0,1
0.0,0.0,1.0,1.0,0.0,0.0,0.0,0.0,0.0,0.0,49.0,64830.0,3
1.0,0.0,0.0,0.0,0.0,0.0,0.0,1.0,0.0,0.0,23.0,29758.0,4
0.0,0.0,0.0,0.0,0.0,0.0,0.0,1.0,1.0,0.0,48.0,57999.0,11
0.0,0.0,0.0,1.0,0.0,0.0,0.0,0.0,0.0,1.0,40.0,55694.0,5
0.0,0.0,0.0,2.0,0.0,0.0,0.0,0.0,0.0,0.0,44.0,45970.0,0
1.0,0.0,0.0,1.0,0.0,0.0,0.0,0.0,0.0,0.0,39.0,65778.0,7
1.0,0.0,0.0,0.0,0.0,0.0,0.0,1.0,0.0,0.0,38.0,53956.0,4
0.0,0.0,1.0,1.0,0.0,0.0,0.0,0.0,0.0,0.0,60.0,55675.0,3
1.0,0.0,0.0,1.0,0.0,0.0,0.0,0.0,0.0,0.0,24.0,27381.0,7
1.0,0.0,0.0,1.0,0.0,0.0,0.0,0.0,0.0,0.0,28.0,38038.0,7
1.0,0.0,0.0,1.0,0.0,0.0,0.0,0.0,0.0,0.0,39.0,52475.0,7
1.0,0.0,0.0,1.0,0.0,0.0,0.0,0.0,0.0,0.0,44.0,56659.0,7
1.0,0.0,0.0,0.0,0.0,0.0,0.0,1.0,0.0,0.0,62.0,48121.0,4
1.0,0.0,0.0,1.0,0.0,0.0,0.0,0.0,0.0,0.0,49.0,57301.0,7
0.0,0.0,0.0,0.0,0.0,0.0,0.0,1.0,0.0,1.0,60.0,36086.0,2
0.0,0.0,0.0,1.0,0.0,0.0,0.0,0.0,0.0,1.0,43.0,67272.0,5
0.0,0.0,0.0,1.0,0.0,0.0,1.0,0.0,0.0,0.0,53.0,49197.0,9
0.0,0.0,0.0,1.0,0.0,0.0,0.0,0.0,0.0,1.0,20.0,26227.0,8
0.0,0.0,1.0,1.0,0.0,0.0,0.0,0.0,0.0,0.0,47.0,47808.0,3
0.0,1.0,0.0,1.0,0.0,0.0,0.0,0.0,0.0,0.0,23.0,24839.0,6
0.0,0.0,0.0,1.0,0.0,0.0,1.0,0.0,0.0,0.0,38.0,53075.0,9
0.0,0.0,1.0,1.0,0.0,0.0,0.0,0.0,0.0,0.0,34.0,41683.0,3
1.0,0.0,0.0,1.0,0.0,0.0,0.0,0.0,0.0,0.0,38.0,47408.0,7
0.0,0.0,1.0,1.0,0.0,0.0,0.0,0.0,0.0,0.0,25.0,31344.0,3
1.0,0.0,0.0,1.0,0.0,0.0,0.0,0.0,0.0,0.0,43.0,53780.0,7
1.0,0.0,0.0,0.0,0.0,0.0,0.0,1.0,0.0,0.0,50.0,35053.0,4
0.0,0.0,0.0,0.0,0.0,0.0,0.0,1.0,1.0,0.0,18.0,26225.0,11
0.0,0.0,1.0,1.0,0.0,0.0,0.0,0.0,0.0,0.0,60.0,53320.0,3
0.0,0.0,0.0,2.0,0.0,0.0,0.0,0.0,0.0,0.0,52.0,55686.0,0
0.0,0.0,1.0,0.0,0.0,0.0,0.0,1.0,0.0,0.0,44.0,50055.0,10
1.0,0.0,0.0,0.0,0.0,0.0,0.0,1.0,0.0,0.0,21.0,26383.0,4
0.0,0.0,1.0,0.0,0.0,0.0,0.0,1.0,0.0,0.0,30.0,35188.0,10
0.0,0.0,0.0,2.0,0.0,0.0,0.0,0.0,0.0,0.0,51.0,41819.0,0
0.0,0.0,0.0,0.0,0.0,0.0,0.0,1.0,0.0,1.0,41.0,48491.0,2
0.0,0.0,0.0,1.0,0.0,0.0,0.0,0.0,0.0,1.0,57.0,32998.0,5
0.0,0.0,0.0,2.0,0.0,0.0,0.0,0.0,0.0,0.0,49.0,45170.0,0
0.0,0.0,0.0,2.0,0.0,0.0,0.0,0.0,0.0,0.0,58.0,40101.0,0
1.0,0.0,0.0,0.0,0.0,0.0,0.0,1.0,0.0,0.0,46.0,59573.0,4
0.0,0.0,0.0,1.0,0.0,0.0,0.0,0.0,0.0,1.0,21.0,25896.0,8
0.0,0.0,0.0,1.0,0.0,0.0,1.0,0.0,0.0,0.0,31.0,42473.0,9
0.0,1.0,0.0,1.0,0.0,0.0,0.0,0.0,0.0,0.0,35.0,53839.0,6
1.0,0.0,0.0,1.0,0.0,0.0,0.0,0.0,0.0,0.0,53.0,33349.0,7
0.0,0.0,0.0,1.0,0.0,0.0,1.0,0.0,0.0,0.0,26.0,32170.0,9
1.0,0.0,0.0,1.0,0.0,0.0,0.0,0.0,0.0,0.0,36.0,47860.0,7
0.0,0.0,0.0,1.0,0.0,0.0,1.0,0.0,0.0,0.0,46.0,51140.0,9
0.0,0.0,1.0,0.0,0.0,0.0,0.0,1.0,0.0,0.0,62.0,44122.0,10
0.0,1.0,0.0,1.0,0.0,0.0,0.0,0.0,0.0,0.0,49.0,59707.0,6
1.0,0.0,0.0,1.0,0.0,0.0,0.0,0.0,0.0,0.0,25.0,39125.0,7
0.0,0.0,0.0,0.0,0.0,0.0,0.0,1.0,0.0,1.0,19.0,29088.0,2
1.0,0.0,0.0,1.0,0.0,0.0,0.0,0.0,0.0,0.0,58.0,46791.0,7
0.0,0.0,0.0,1.0,0.0,0.0,0.0,0.0,0.0,1.0,56.0,43370.0,5
0.0,1.0,0.0,1.0,0.0,0.0,0.0,0.0,0.0,0.0,33.0,31692.0,6
0.0,0.0,0.0,1.0,0.0,0.0,1.0,0.0,0.0,0.0,63.0,30860.0,9
1.0,0.0,0.0,1.0,0.0,0.0,0.0,0.0,0.0,0.0,28.0,31468.0,7
0.0,0.0,1.0,1.0,0.0,0.0,0.0,0.0,0.0,0.0,53.0,48160.0,3
0.0,0.0,0.0,1.0,0.0,0.0,1.0,0.0,0.0,0.0,18.0,21524.0,9
0.0,0.0,1.0,0.0,0.0,0.0,0.0,1.0,0.0,0.0,53.0,49560.0,10
0.0,1.0,0.0,1.0,0.0,0.0,0.0,0.0,0.0,0.0,44.0,64596.0,6
1.0,0.0,0.0,0.0,0.0,0.0,0.0,1.0,0.0,0.0,23.0,25315.0,4
0.0,0.0,1.0,1.0,0.0,0.0,0.0,0.0,0.0,0.0,32.0,44151.0,3
0.0,0.0,0.0,1.0,0.0,0.0,0.0,0.0,0.0,1.0,25.0,36311.0,8
0.0,0.0,0.0,1.0,0.0,0.0,0.0,0.0,0.0,1.0,47.0,45404.0,5
0.0,0.0,0.0,1.0,0.0,0.0,0.0,0.0,0.0,1.0,25.0,34781.0,8
0.0,0.0,0.0,0.0,0.0,0.0,0.0,1.0,0.0,1.0,59.0,43559.0,2
0.0,0.0,1.0,1.0,0.0,0.0,0.0,0.0,0.0,0.0,27.0,36353.0,3
0.0,0.0,0.0,1.0,0.0,0.0,0.0,1.0,0.0,0.0,49.0,47775.0,12
0.0,0.0,0.0,1.0,0.0,0.0,0.0,0.0,0.0,1.0,63.0,53751.0,5
0.0,0.0,0.0,1.0,0.0,0.0,0.0,0.0,0.0,1.0,36.0,63334.0,5
0.0,0.0,1.0,1.0,0.0,0.0,0.0,0.0,0.0,0.0,50.0,59661.0,3
1.0,0.0,0.0,1.0,0.0,0.0,0.0,0.0,0.0,0.0,63.0,37954.0,7
0.0,1.0,0.0,1.0,0.0,0.0,0.0,0.0,0.0,0.0,35.0,63741.0,6
1.0,0.0,0.0,0.0,0.0,0.0,0.0,1.0,0.0,0.0,44.0,62075.0,4
0.0,0.0,0.0,0.0,0.0,0.0,0.0,1.0,0.0,1.0,48.0,50556.0,2
1.0,0.0,0.0,1.0,0.0,0.0,0.0,0.0,0.0,0.0,48.0,67456.0,7
0.0,0.0,0.0,0.0,0.0,0.0,0.0,1.0,0.0,1.0,33.0,36237.0,2
0.0,0.0,0.0,1.0,0.0,0.0,0.0,0.0,1.0,0.0,47.0,50554.0,1
0.0,0.0,0.0,2.0,0.0,0.0,0.0,0.0,0.0,0.0,53.0,34549.0,0
1.0,0.0,0.0,0.0,0.0,0.0,0.0,1.0,0.0,0.0,27.0,34405.0,4
0.0,1.0,0.0,1.0,0.0,0.0,0.0,0.0,0.0,0.0,42.0,54867.0,6
0.0,0.0,1.0,1.0,0.0,0.0,0.0,0.0,0.0,0.0,30.0,34397.0,3
1.0,0.0,0.0,1.0,0.0,0.0,0.0,0.0,0.0,0.0,56.0,46158.0,7
1.0,0.0,0.0,0.0,0.0,0.0,0.0,1.0,0.0,0.0,50.0,34781.0,4
0.0,0.0,1.0,0.0,0.0,0.0,0.0,1.0,0.0,0.0,65.0,32073.0,10
0.0,1.0,0.0,1.0,0.0,0.0,0.0,0.0,0.0,0.0,26.0,32739.0,6
0.0,1.0,0.0,1.0,0.0,0.0,0.0,0.0,0.0,0.0,22.0,27121.0,6
0.0,0.0,0.0,0.0,0.0,0.0,0.0,1.0,0.0,1.0,35.0,54042.0,2
0.0,0.0,0.0,0.0,0.0,0.0,0.0,1.0,1.0,0.0,44.0,58798.0,11
0.0,0.0,0.0,0.0,0.0,0.0,0.0,1.0,0.0,1.0,39.0,54822.0,2
0.0,0.0,0.0,2.0,0.0,0.0,0.0,0.0,0.0,0.0,50.0,45867.0,0
0.0,0.0,0.0,0.0,0.0,0.0,0.0,1.0,0.0,1.0,35.0,47520.0,2
0.0,0.0,1.0,0.0,0.0,0.0,0.0,1.0,0.0,0.0,18.0,25916.0,10
0.0,0.0,0.0,1.0,0.0,0.0,0.0,0.0,0.0,1.0,36.0,53247.0,5
0.0,0.0,0.0,1.0,0.0,0.0,1.0,0.0,0.0,0.0,64.0,38080.0,9
0.0,0.0,1.0,0.0,0.0,0.0,0.0,1.0,0.0,0.0,37.0,68622.0,10
0.0,0.0,0.0,1.0,0.0,0.0,0.0,0.0,1.0,0.0,55.0,50481.0,1
0.0,0.0,0.0,0.0,0.0,0.0,0.0,1.0,0.0,1.0,55.0,46246.0,2
0.0,0.0,0.0,1.0,0.0,0.0,1.0,0.0,0.0,0.0,49.0,65207.0,9
1.0,0.0,0.0,1.0,0.0,0.0,0.0,0.0,0.0,0.0,27.0,33203.0,7
0.0,0.0,0.0,1.0,0.0,0.0,0.0,0.0,0.0,1.0,46.0,60003.0,5
0.0,0.0,1.0,0.0,0.0,0.0,0.0,1.0,0.0,0.0,52.0,33505.0,10
1.0,0.0,0.0,1.0,0.0,0.0,0.0,0.0,0.0,0.0,48.0,49439.0,7
0.0,0.0,0.0,2.0,0.0,0.0,0.0,0.0,0.0,0.0,40.0,54983.0,0
0.0,0.0,0.0,1.0,0.0,0.0,1.0,0.0,0.0,0.0,39.0,45221.0,9
0.0,0.0,0.0,2.0,0.0,0.0,0.0,0.0,0.0,0.0,53.0,42966.0,0
0.0,0.0,0.0,0.0,0.0,0.0,0.0,1.0,1.0,0.0,52.0,40886.0,11
0.0,0.0,0.0,1.0,0.0,0.0,0.0,0.0,0.0,1.0,42.0,65322.0,5
0.0,0.0,0.0,1.0,0.0,0.0,1.0,0.0,0.0,0.0,47.0,57448.0,9
0.0,0.0,0.0,2.0,0.0,0.0,0.0,0.0,0.0,0.0,38.0,55798.0,0
1.0,0.0,0.0,0.0,0.0,0.0,0.0,1.0,0.0,0.0,30.0,37212.0,4
1.0,0.0,0.0,1.0,0.0,0.0,0.0,0.0,0.0,0.0,62.0,40968.0,7
0.0,0.0,1.0,1.0,0.0,0.0,0.0,0.0,0.0,0.0,33.0,37055.0,3
0.0,0.0,1.0,1.0,0.0,0.0,0.0,0.0,0.0,0.0,54.0,56721.0,3
0.0,0.0,0.0,1.0,0.0,0.0,0.0,0.0,0.0,1.0,42.0,66333.0,5
0.0,0.0,0.0,1.0,0.0,0.0,0.0,0.0,1.0,0.0,32.0,39738.0,1
0.0,0.0,0.0,1.0,0.0,0.0,1.0,0.0,0.0,0.0,44.0,49460.0,9
0.0,0.0,0.0,1.0,0.0,0.0,0.0,0.0,1.0,0.0,20.0,24922.0,1
0.0,0.0,0.0,2.0,0.0,0.0,0.0,0.0,0.0,0.0,38.0,55507.0,0
0.0,0.0,0.0,1.0,0.0,0.0,0.0,0.0,0.0,1.0,65.0,49766.0,5
0.0,0.0,1.0,0.0,0.0,0.0,0.0,1.0,0.0,0.0,48.0,67783.0,10
0.0,0.0,1.0,0.0,0.0,0.0,0.0,1.0,0.0,0.0,63.0,36581.0,10
0.0,0.0,0.0,0.0,0.0,0.0,0.0,1.0,0.0,1.0,42.0,60696.0,2
1.0,0.0,0.0,0.0,0.0,0.0,0.0,1.0,0.0,0.0,42.0,55295.0,4
0.0,0.0,0.0,1.0,0.0,0.0,0.0,0.0,1.0,0.0,60.0,35820.0,1
0.0,0.0,0.0,1.0,0.0,0.0,0.0,1.0,0.0,0.0,59.0,43049.0,12
1.0,0.0,0.0,1.0,0.0,0.0,0.0,0.0,0.0,0.0,27.0,35228.0,7
0.0,0.0,1.0,1.0,0.0,0.0,0.0,0.0,0.0,0.0,49.0,54550.0,3
0.0,0.0,0.0,0.0,0.0,0.0,0.0,1.0,0.0,1.0,20.0,28044.0,2
0.0,0.0,1.0,1.0,0.0,0.0,0.0,0.0,0.0,0.0,26.0,39435.0,3
1.0,0.0,0.0,0.0,0.0,0.0,0.0,1.0,0.0,0.0,55.0,37943.0,4
1.0,0.0,0.0,0.0,0.0,0.0,0.0,1.0,0.0,0.0,39.0,55678.0,4
0.0,0.0,0.0,1.0,0.0,0.0,1.0,0.0,0.0,0.0,24.0,26161.0,9
0.0,0.0,0.0,2.0,0.0,0.0,0.0,0.0,0.0,0.0,46.0,54184.0,0
0.0,0.0,0.0,0.0,0.0,0.0,0.0,1.0,0.0,1.0,24.0,26437.0,2
1.0,0.0,0.0,0.0,0.0,0.0,0.0,1.0,0.0,0.0,51.0,41960.0,4
0.0,0.0,0.0,0.0,0.0,0.0,0.0,1.0,0.0,1.0,47.0,48731.0,2
1.0,0.0,0.0,0.0,0.0,0.0,0.0,1.0,0.0,0.0,18.0,29238.0,4
1.0,0.0,0.0,1.0,0.0,0.0,0.0,0.0,0.0,0.0,64.0,36547.0,7
0.0,1.0,0.0,1.0,0.0,0.0,0.0,0.0,0.0,0.0,44.0,62879.0,6
0.0,0.0,0.0,0.0,0.0,0.0,0.0,1.0,0.0,1.0,59.0,35895.0,2
1.0,0.0,0.0,1.0,0.0,0.0,0.0,0.0,0.0,0.0,27.0,41169.0,7
0.0,0.0,0.0,1.0,0.0,0.0,0.0,0.0,1.0,0.0,22.0,29012.0,1
0.0,1.0,0.0,1.0,0.0,0.0,0.0,0.0,0.0,0.0,48.0,45881.0,6
0.0,0.0,0.0,0.0,0.0,0.0,0.0,1.0,0.0,1.0,34.0,41914.0,2
1.0,0.0,0.0,1.0,0.0,0.0,0.0,0.0,0.0,0.0,39.0,60126.0,7
1.0,0.0,0.0,0.0,0.0,0.0,0.0,1.0,0.0,0.0,57.0,53211.0,4
0.0,0.0,0.0,2.0,0.0,0.0,0.0,0.0,0.0,0.0,62.0,36869.0,0
1.0,0.0,0.0,1.0,0.0,0.0,0.0,0.0,0.0,0.0,43.0,59367.0,7
0.0,0.0,0.0,1.0,0.0,0.0,0.0,0.0,0.0,1.0,59.0,56138.0,5
0.0,0.0,0.0,2.0,0.0,0.0,0.0,0.0,0.0,0.0,23.0,24773.0,0
0.0,0.0,0.0,0.0,0.0,0.0,0.0,1.0,0.0,1.0,39.0,67702.0,2
1.0,0.0,0.0,1.0,0.0,0.0,0.0,0.0,0.0,0.0,61.0,32266.0,7
0.0,0.0,1.0,1.0,0.0,0.0,0.0,0.0,0.0,0.0,52.0,56835.0,3
0.0,0.0,1.0,0.0,0.0,0.0,0.0,1.0,0.0,0.0,42.0,58406.0,10
1.0,0.0,0.0,0.0,0.0,0.0,0.0,1.0,0.0,0.0,38.0,67052.0,4
1.0,0.0,0.0,0.0,0.0,0.0,0.0,1.0,0.0,0.0,58.0,46361.0,4
1.0,0.0,0.0,1.0,0.0,0.0,0.0,0.0,0.0,0.0,63.0,34560.0,7
0.0,1.0,0.0,1.0,0.0,0.0,0.0,0.0,0.0,0.0,49.0,65753.0,6
0.0,1.0,0.0,1.0,0.0,0.0,0.0,0.0,0.0,0.0,52.0,39923.0,6
0.0,0.0,0.0,2.0,0.0,0.0,0.0,0.0,0.0,0.0,20.0,23965.0,0
0.0,0.0,0.0,2.0,0.0,0.0,0.0,0.0,0.0,0.0,57.0,38279.0,0
0.0,0.0,1.0,1.0,0.0,0.0,0.0,0.0,0.0,0.0,22.0,22525.0,3
1.0,0.0,0.0,1.0,0.0,0.0,0.0,0.0,0.0,0.0,33.0,41718.0,7
1.0,0.0,0.0,0.0,0.0,0.0,0.0,1.0,0.0,0.0,58.0,43865.0,4
1.0,0.0,0.0,1.0,0.0,0.0,0.0,0.0,0.0,0.0,61.0,55856.0,7
1.0,0.0,0.0,1.0,0.0,0.0,0.0,0.0,0.0,0.0,36.0,57353.0,7
0.0,0.0,0.0,2.0,0.0,0.0,0.0,0.0,0.0,0.0,32.0,31211.0,0
1.0,0.0,0.0,0.0,0.0,0.0,0.0,1.0,0.0,0.0,65.0,44715.0,4
0.0,0.0,0.0,0.0,0.0,0.0,0.0,1.0,0.0,1.0,23.0,29796.0,2
0.0,0.0,0.0,1.0,0.0,0.0,1.0,0.0,0.0,0.0,45.0,60703.0,9
0.0,0.0,1.0,1.0,0.0,0.0,0.0,0.0,0.0,0.0,24.0,29539.0,3
1.0,0.0,0.0,1.0,0.0,0.0,0.0,0.0,0.0,0.0,58.0,43133.0,7
0.0,0.0,0.0,0.0,0.0,0.0,0.0,1.0,1.0,0.0,63.0,47510.0,11
0.0,0.0,1.0,0.0,0.0,0.0,0.0,1.0,0.0,0.0,24.0,28300.0,10
0.0,0.0,0.0,0.0,0.0,0.0,0.0,1.0,0.0,1.0,46.0,67665.0,2
1.0,0.0,0.0,0.0,0.0,0.0,0.0,1.0,0.0,0.0,28.0,36853.0,4
0.0,0.0,0.0,2.0,0.0,0.0,0.0,0.0,0.0,0.0,62.0,47814.0,0
0.0,0.0,0.0,1.0,0.0,0.0,0.0,0.0,1.0,0.0,37.0,46204.0,1
1.0,0.0,0.0,0.0,0.0,0.0,0.0,1.0,0.0,0.0,19.0,25890.0,4
1.0,0.0,0.0,1.0,0.0,0.0,0.0,0.0,0.0,0.0,20.0,28796.0,7
0.0,0.0,0.0,1.0,0.0,0.0,0.0,0.0,0.0,1.0,21.0,21392.0,8
0.0,0.0,0.0,1.0,0.0,0.0,0.0,0.0,0.0,1.0,36.0,48583.0,5
1.0,0.0,0.0,0.0,0.0,0.0,0.0,1.0,0.0,0.0,40.0,53134.0,4
0.0,0.0,0.0,0.0,0.0,0.0,0.0,1.0,0.0,1.0,41.0,66548.0,2
0.0,0.0,0.0,1.0,0.0,0.0,0.0,0.0,0.0,1.0,45.0,66780.0,5
0.0,0.0,0.0,1.0,0.0,0.0,0.0,0.0,1.0,0.0,27.0,35816.0,1
1.0,0.0,0.0,0.0,0.0,0.0,0.0,1.0,0.0,0.0,33.0,32725.0,4
0.0,0.0,0.0,1.0,0.0,0.0,0.0,1.0,0.0,0.0,51.0,51200.0,12
0.0,0.0,1.0,1.0,0.0,0.0,0.0,0.0,0.0,0.0,44.0,65076.0,3
1.0,0.0,0.0,1.0,0.0,0.0,0.0,0.0,0.0,0.0,54.0,31451.0,7
0.0,0.0,0.0,0.0,0.0,0.0,0.0,1.0,0.0,1.0,61.0,48455.0,2
0.0,0.0,0.0,0.0,0.0,0.0,0.0,1.0,0.0,1.0,29.0,40568.0,2
1.0,0.0,0.0,0.0,0.0,0.0,0.0,1.0,0.0,0.0,28.0,41099.0,4
0.0,0.0,1.0,0.0,0.0,0.0,0.0,1.0,0.0,0.0,29.0,40596.0,10
0.0,0.0,0.0,2.0,0.0,0.0,0.0,0.0,0.0,0.0,23.0,26547.0,0
1.0,0.0,0.0,1.0,0.0,0.0,0.0,0.0,0.0,0.0,57.0,54663.0,7
0.0,0.0,0.0,1.0,0.0,0.0,0.0,0.0,1.0,0.0,42.0,55865.0,1
0.0,0.0,0.0,1.0,0.0,0.0,0.0,1.0,0.0,0.0,57.0,56090.0,12
0.0,0.0,0.0,2.0,0.0,0.0,0.0,0.0,0.0,0.0,61.0,44105.0,0
0.0,0.0,0.0,0.0,0.0,0.0,0.0,1.0,0.0,1.0,33.0,31735.0,2
1.0,0.0,0.0,0.0,0.0,0.0,0.0,1.0,0.0,0.0,49.0,45345.0,4
0.0,0.0,0.0,1.0,0.0,0.0,1.0,0.0,0.0,0.0,55.0,33231.0,9
1.0,0.0,0.0,0.0,0.0,0.0,0.0,1.0,0.0,0.0,27.0,34239.0,4
1.0,0.0,0.0,1.0,0.0,0.0,0.0,0.0,0.0,0.0,32.0,33637.0,7
0.0,0.0,0.0,2.0,0.0,0.0,0.0,0.0,0.0,0.0,47.0,61733.0,0
0.0,1.0,0.0,1.0,0.0,0.0,0.0,0.0,0.0,0.0,58.0,54472.0,6
0.0,0.0,0.0,2.0,0.0,0.0,0.0,0.0,0.0,0.0,34.0,38499.0,0
0.0,0.0,0.0,2.0,0.0,0.0,0.0,0.0,0.0,0.0,47.0,63284.0,0
0.0,0.0,1.0,1.0,0.0,0.0,0.0,0.0,0.0,0.0,34.0,39511.0,3
1.0,0.0,0.0,1.0,0.0,0.0,0.0,0.0,0.0,0.0,60.0,52533.0,7
0.0,0.0,1.0,1.0,0.0,0.0,0.0,0.0,0.0,0.0,18.0,29424.0,3
1.0,0.0,0.0,1.0,0.0,0.0,0.0,0.0,0.0,0.0,47.0,52242.0,7
0.0,1.0,0.0,1.0,0.0,0.0,0.0,0.0,0.0,0.0,36.0,59607.0,6
1.0,0.0,0.0,1.0,0.0,0.0,0.0,0.0,0.0,0.0,61.0,42259.0,7
1.0,0.0,0.0,0.0,0.0,0.0,0.0,1.0,0.0,0.0,28.0,37586.0,4
1.0,0.0,0.0,1.0,0.0,0.0,0.0,0.0,0.0,0.0,22.0,29643.0,7
0.0,0.0,0.0,1.0,0.0,0.0,0.0,1.0,0.0,0.0,40.0,61399.0,12
0.0,1.0,0.0,1.0,0.0,0.0,0.0,0.0,0.0,0.0,55.0,34939.0,6
0.0,0.0,0.0,1.0,0.0,0.0,0.0,0.0,1.0,0.0,37.0,56303.0,1
1.0,0.0,0.0,1.0,0.0,0.0,0.0,0.0,0.0,0.0,58.0,30804.0,7
1.0,0.0,0.0,0.0,0.0,0.0,0.0,1.0,0.0,0.0,45.0,60819.0,4
1.0,0.0,0.0,1.0,0.0,0.0,0.0,0.0,0.0,0.0,62.0,33425.0,7
0.0,0.0,0.0,2.0,0.0,0.0,0.0,0.0,0.0,0.0,34.0,34840.0,0
0.0,0.0,0.0,0.0,0.0,0.0,0.0,1.0,1.0,0.0,47.0,58630.0,11
0.0,0.0,0.0,0.0,0.0,0.0,0.0,1.0,1.0,0.0,37.0,47813.0,11
0.0,0.0,0.0,2.0,0.0,0.0,0.0,0.0,0.0,0.0,30.0,31901.0,0
0.0,0.0,0.0,2.0,0.0,0.0,0.0,0.0,0.0,0.0,42.0,68925.0,0
0.0,0.0,0.0,1.0,0.0,0.0,0.0,0.0,1.0,0.0,48.0,49642.0,1
0.0,0.0,0.0,1.0,0.0,0.0,0.0,0.0,1.0,0.0,24.0,25707.0,1
0.0,0.0,1.0,0.0,0.0,0.0,0.0,1.0,0.0,0.0,33.0,35110.0,10
0.0,0.0,0.0,0.0,0.0,0.0,0.0,1.0,1.0,0.0,42.0,56241.0,11
0.0,0.0,0.0,1.0,0.0,0.0,1.0,0.0,0.0,0.0,54.0,44920.0,9
1.0,0.0,0.0,0.0,0.0,0.0,0.0,1.0,0.0,0.0,54.0,47075.0,4
0.0,0.0,0.0,1.0,0.0,0.0,0.0,0.0,1.0,0.0,62.0,41413.0,1
1.0,0.0,0.0,1.0,0.0,0.0,0.0,0.0,0.0,0.0,19.0,21599.0,7
0.0,0.0,0.0,0.0,0.0,0.0,0.0,1.0,1.0,0.0,60.0,44357.0,11
0.0,0.0,0.0,1.0,0.0,0.0,0.0,0.0,0.0,1.0,43.0,68658.0,5
0.0,0.0,0.0,0.0,0.0,0.0,0.0,1.0,1.0,0.0,35.0,67831.0,11
0.0,0.0,0.0,1.0,0.0,0.0,1.0,0.0,0.0,0.0,18.0,27412.0,9
0.0,0.0,0.0,0.0,0.0,0.0,0.0,1.0,0.0,1.0,54.0,40450.0,2
1.0,0.0,0.0,1.0,0.0,0.0,0.0,0.0,0.0,0.0,61.0,32201.0,7
0.0,1.0,0.0,1.0,0.0,0.0,0.0,0.0,0.0,0.0,65.0,39839.0,6
0.0,0.0,0.0,1.0,0.0,0.0,0.0,0.0,0.0,1.0,56.0,56548.0,5
1.0,0.0,0.0,0.0,0.0,0.0,0.0,1.0,0.0,0.0,65.0,53290.0,4
0.0,0.0,0.0,1.0,0.0,0.0,0.0,0.0,0.0,1.0,49.0,48771.0,5
0.0,1.0,0.0,1.0,0.0,0.0,0.0,0.0,0.0,0.0,36.0,45740.0,6
0.0,0.0,0.0,1.0,0.0,0.0,0.0,0.0,0.0,1.0,32.0,43912.0,8
1.0,0.0,0.0,1.0,0.0,0.0,0.0,0.0,0.0,0.0,56.0,41241.0,7
0.0,0.0,0.0,1.0,0.0,0.0,1.0,0.0,0.0,0.0,40.0,66232.0,9
0.0,0.0,0.0,2.0,0.0,0.0,0.0,0.0,0.0,0.0,32.0,31791.0,0
0.0,0.0,0.0,1.0,0.0,0.0,0.0,0.0,0.0,1.0,58.0,52188.0,5
0.0,0.0,0.0,0.0,0.0,0.0,0.0,1.0,0.0,1.0,30.0,43108.0,2
0.0,0.0,0.0,1.0,0.0,0.0,0.0,0.0,0.0,1.0,57.0,35385.0,5
0.0,0.0,0.0,1.0,0.0,0.0,0.0,0.0,0.0,1.0,34.0,42132.0,8
1.0,0.0,0.0,1.0,0.0,0.0,0.0,0.0,0.0,0.0,61.0,37992.0,7
0.0,0.0,1.0,0.0,0.0,0.0,0.0,1.0,0.0,0.0,64.0,46908.0,10
0.0,0.0,0.0,1.0,0.0,0.0,0.0,0.0,1.0,0.0,60.0,35716.0,1
0.0,0.0,0.0,2.0,0.0,0.0,0.0,0.0,0.0,0.0,61.0,48084.0,0
0.0,0.0,1.0,0.0,0.0,0.0,0.0,1.0,0.0,0.0,26.0,32623.0,10
0.0,0.0,1.0,1.0,0.0,0.0,0.0,0.0,0.0,0.0,58.0,40845.0,3
0.0,0.0,1.0,1.0,0.0,0.0,0.0,0.0,0.0,0.0,24.0,29172.0,3
0.0,0.0,0.0,1.0,0.0,0.0,0.0,0.0,0.0,1.0,58.0,43971.0,5
0.0,0.0,0.0,2.0,0.0,0.0,0.0,0.0,0.0,0.0,59.0,45140.0,0
0.0,0.0,1.0,1.0,0.0,0.0,0.0,0.0,0.0,0.0,20.0,23798.0,3
1.0,0.0,0.0,0.0,0.0,0.0,0.0,1.0,0.0,0.0,37.0,58272.0,4
1.0,0.0,0.0,0.0,0.0,0.0,0.0,1.0,0.0,0.0,46.0,65635.0,4
1.0,0.0,0.0,1.0,0.0,0.0,0.0,0.0,0.0,0.0,20.0,23022.0,7
0.0,0.0,1.0,1.0,0.0,0.0,0.0,0.0,0.0,0.0,55.0,36107.0,3
1.0,0.0,0.0,1.0,0.0,0.0,0.0,0.0,0.0,0.0,41.0,65987.0,7
0.0,0.0,0.0,0.0,0.0,0.0,0.0,1.0,0.0,1.0,64.0,51538.0,2
1.0,0.0,0.0,0.0,0.0,0.0,0.0,1.0,0.0,0.0,26.0,37080.0,4
0.0,1.0,0.0,1.0,0.0,0.0,0.0,0.0,0.0,0.0,23.0,26481.0,6
0.0,0.0,0.0,0.0,0.0,0.0,0.0,1.0,0.0,1.0,36.0,45956.0,2
1.0,0.0,0.0,1.0,0.0,0.0,0.0,0.0,0.0,0.0,38.0,69162.0,7
0.0,0.0,0.0,2.0,0.0,0.0,0.0,0.0,0.0,0.0,65.0,50123.0,0
1.0,0.0,0.0,0.0,0.0,0.0,0.0,1.0,0.0,0.0,44.0,51465.0,4
0.0,0.0,0.0,1.0,0.0,0.0,1.0,0.0,0.0,0.0,29.0,37365.0,9
0.0,0.0,0.0,0.0,0.0,0.0,0.0,1.0,0.0,1.0,26.0,37037.0,2
0.0,0.0,0.0,1.0,0.0,0.0,0.0,0.0,1.0,0.0,52.0,42741.0,1
0.0,0.0,0.0,1.0,0.0,0.0,0.0,0.0,0.0,1.0,41.0,45145.0,5
1.0,0.0,0.0,0.0,0.0,0.0,0.0,1.0,0.0,0.0,51.0,53092.0,4
0.0,0.0,0.0,2.0,0.0,0.0,0.0,0.0,0.0,0.0,50.0,37038.0,0
0.0,0.0,1.0,1.0,0.0,0.0,0.0,0.0,0.0,0.0,35.0,51743.0,3
0.0,0.0,0.0,1.0,0.0,0.0,0.0,0.0,1.0,0.0,28.0,34560.0,1
0.0,0.0,1.0,1.0,0.0,0.0,0.0,0.0,0.0,0.0,34.0,42326.0,3
1.0,0.0,0.0,1.0,0.0,0.0,0.0,0.0,0.0,0.0,48.0,68060.0,7
0.0,0.0,0.0,2.0,0.0,0.0,0.0,0.0,0.0,0.0,36.0,47050.0,0
0.0,0.0,0.0,1.0,0.0,0.0,0.0,0.0,0.0,1.0,65.0,48918.0,5
1.0,0.0,0.0,0.0,0.0,0.0,0.0,1.0,0.0,0.0,39.0,48334.0,4
0.0,0.0,0.0,1.0,0.0,0.0,0.0,0.0,0.0,1.0,25.0,43099.0,8
0.0,0.0,0.0,1.0,0.0,0.0,0.0,0.0,0.0,1.0,47.0,62592.0,5
0.0,1.0,0.0,1.0,0.0,0.0,0.0,0.0,0.0,0.0,22.0,23063.0,6
0.0,0.0,0.0,1.0,0.0,0.0,0.0,0.0,0.0,1.0,27.0,35993.0,8
1.0,0.0,0.0,0.0,0.0,0.0,0.0,1.0,0.0,0.0,61.0,36457.0,4
0.0,0.0,0.0,1.0,0.0,0.0,0.0,0.0,0.0,1.0,64.0,44993.0,5
1.0,0.0,0.0,0.0,0.0,0.0,0.0,1.0,0.0,0.0,61.0,33734.0,4
0.0,0.0,0.0,0.0,0.0,0.0,0.0,1.0,0.0,1.0,43.0,53596.0,2
1.0,0.0,0.0,1.0,0.0,0.0,0.0,0.0,0.0,0.0,53.0,51977.0,7
1.0,0.0,0.0,1.0,0.0,0.0,0.0,0.0,0.0,0.0,41.0,61039.0,7
0.0,0.0,0.0,0.0,0.0,0.0,0.0,1.0,1.0,0.0,23.0,28646.0,11
0.0,0.0,1.0,1.0,0.0,0.0,0.0,0.0,0.0,0.0,43.0,65942.0,3
0.0,0.0,0.0,1.0,0.0,0.0,1.0,0.0,0.0,0.0,18.0,25134.0,9
0.0,0.0,0.0,1.0,0.0,0.0,1.0,0.0,0.0,0.0,34.0,39780.0,9
0.0,0.0,0.0,1.0,0.0,0.0,0.0,0.0,0.0,1.0,25.0,40015.0,8
0.0,0.0,0.0,1.0,0.0,0.0,0.0,0.0,1.0,0.0,47.0,57862.0,1
0.0,0.0,0.0,0.0,0.0,0.0,0.0,1.0,0.0,1.0,41.0,64234.0,2
0.0,1.0,0.0,1.0,0.0,0.0,0.0,0.0,0.0,0.0,61.0,33743.0,6
1.0,0.0,0.0,1.0,0.0,0.0,0.0,0.0,0.0,0.0,65.0,41400.0,7
0.0,0.0,0.0,1.0,0.0,0.0,1.0,0.0,0.0,0.0,61.0,41533.0,9
1.0,0.0,0.0,1.0,0.0,0.0,0.0,0.0,0.0,0.0,34.0,43852.0,7
0.0,0.0,0.0,1.0,0.0,0.0,0.0,0.0,0.0,1.0,55.0,45003.0,5
0.0,0.0,0.0,2.0,0.0,0.0,0.0,0.0,0.0,0.0,42.0,65229.0,0
0.0,0.0,1.0,0.0,0.0,0.0,0.0,1.0,0.0,0.0,41.0,67072.0,10
0.0,0.0,0.0,1.0,0.0,0.0,0.0,0.0,0.0,1.0,24.0,24873.0,8
0.0,0.0,1.0,1.0,0.0,0.0,0.0,0.0,0.0,0.0,61.0,50135.0,3
0.0,0.0,0.0,1.0,0.0,0.0,1.0,0.0,0.0,0.0,32.0,39669.0,9
0.0,0.0,0.0,0.0,0.0,0.0,0.0,1.0,0.0,1.0,48.0,47777.0,2
0.0,0.0,0.0,1.0,0.0,0.0,0.0,0.0,1.0,0.0,57.0,40262.0,1
1.0,0.0,0.0,0.0,0.0,0.0,0.0,1.0,0.0,0.0,53.0,33862.0,4
1.0,0.0,0.0,1.0,0.0,0.0,0.0,0.0,0.0,0.0,38.0,52817.0,7
0.0,0.0,1.0,1.0,0.0,0.0,0.0,0.0,0.0,0.0,57.0,40006.0,3
1.0,0.0,0.0,0.0,0.0,0.0,0.0,1.0,0.0,0.0,32.0,31916.0,4
0.0,1.0,0.0,1.0,0.0,0.0,0.0,0.0,0.0,0.0,59.0,35998.0,6
1.0,0.0,0.0,1.0,0.0,0.0,0.0,0.0,0.0,0.0,22.0,26116.0,7
0.0,0.0,0.0,1.0,0.0,0.0,0.0,0.0,0.0,1.0,58.0,52722.0,5
1.0,0.0,0.0,1.0,0.0,0.0,0.0,0.0,0.0,0.0,47.0,49632.0,7
0.0,0.0,0.0,1.0,0.0,0.0,0.0,0.0,0.0,1.0,62.0,46738.0,5
1.0,0.0,0.0,1.0,0.0,0.0,0.0,0.0,0.0,0.0,37.0,57729.0,7
0.0,0.0,0.0,0.0,0.0,0.0,0.0,1.0,1.0,0.0,44.0,64543.0,11
0.0,0.0,0.0,0.0,0.0,0.0,0.0,1.0,1.0,0.0,25.0,32258.0,11
1.0,0.0,0.0,1.0,0.0,0.0,0.0,0.0,0.0,0.0,26.0,39417.0,7
0.0,0.0,0.0,1.0,0.0,0.0,0.0,1.0,0.0,0.0,20.0,26286.0,12
1.0,0.0,0.0,1.0,0.0,0.0,0.0,0.0,0.0,0.0,20.0,26931.0,7
0.0,0.0,0.0,0.0,0.0,0.0,0.0,1.0,0.0,1.0,37.0,51086.0,2
0.0,0.0,1.0,1.0,0.0,0.0,0.0,0.0,0.0,0.0,49.0,60947.0,3
0.0,0.0,1.0,1.0,0.0,0.0,0.0,0.0,0.0,0.0,25.0,40412.0,3
1.0,0.0,0.0,1.0,0.0,0.0,0.0,0.0,0.0,0.0,24.0,28804.0,7
0.0,0.0,1.0,0.0,0.0,0.0,0.0,1.0,0.0,0.0,33.0,41361.0,10
0.0,0.0,0.0,2.0,0.0,0.0,0.0,0.0,0.0,0.0,52.0,51143.0,0
1.0,0.0,0.0,0.0,0.0,0.0,0.0,1.0,0.0,0.0,26.0,32838.0,4
0.0,0.0,0.0,0.0,0.0,0.0,0.0,1.0,1.0,0.0,42.0,63183.0,11
1.0,0.0,0.0,1.0,0.0,0.0,0.0,0.0,0.0,0.0,47.0,50467.0,7
0.0,0.0,0.0,1.0,0.0,0.0,0.0,0.0,0.0,1.0,41.0,61044.0,5
1.0,0.0,0.0,0.0,0.0,0.0,0.0,1.0,0.0,0.0,60.0,39464.0,4
0.0,0.0,0.0,1.0,0.0,0.0,1.0,0.0,0.0,0.0,65.0,34597.0,9
0.0,0.0,0.0,1.0,0.0,0.0,1.0,0.0,0.0,0.0,52.0,40308.0,9
0.0,0.0,0.0,1.0,0.0,0.0,0.0,1.0,0.0,0.0,44.0,59778.0,12
0.0,0.0,1.0,1.0,0.0,0.0,0.0,0.0,0.0,0.0,55.0,50296.0,3
0.0,0.0,0.0,0.0,0.0,0.0,0.0,1.0,0.0,1.0,65.0,31756.0,2
1.0,0.0,0.0,1.0,0.0,0.0,0.0,0.0,0.0,0.0,64.0,58361.0,7
0.0,0.0,0.0,1.0,0.0,0.0,0.0,0.0,0.0,1.0,27.0,35882.0,8
0.0,0.0,0.0,2.0,0.0,0.0,0.0,0.0,0.0,0.0,44.0,45314.0,0
0.0,0.0,0.0,1.0,0.0,0.0,0.0,0.0,1.0,0.0,59.0,45879.0,1
1.0,0.0,0.0,1.0,0.0,0.0,0.0,0.0,0.0,0.0,24.0,22236.0,7
0.0,0.0,0.0,1.0,0.0,0.0,0.0,1.0,0.0,0.0,49.0,51393.0,12
0.0,0.0,1.0,0.0,0.0,0.0,0.0,1.0,0.0,0.0,57.0,56712.0,10
0.0,0.0,0.0,0.0,0.0,0.0,0.0,1.0,1.0,0.0,44.0,57581.0,11
0.0,0.0,1.0,0.0,0.0,0.0,0.0,1.0,0.0,0.0,35.0,63401.0,10
0.0,0.0,0.0,2.0,0.0,0.0,0.0,0.0,0.0,0.0,20.0,28281.0,0
0.0,0.0,0.0,0.0,0.0,0.0,0.0,1.0,0.0,1.0,62.0,51399.0,2
0.0,0.0,0.0,0.0,0.0,0.0,0.0,1.0,1.0,0.0,41.0,61219.0,11
0.0,1.0,0.0,1.0,0.0,0.0,0.0,0.0,0.0,0.0,31.0,36703.0,6
0.0,0.0,0.0,1.0,0.0,0.0,0.0,0.0,1.0,0.0,46.0,67436.0,1
0.0,0.0,1.0,1.0,0.0,0.0,0.0,0.0,0.0,0.0,46.0,61112.0,3
1.0,0.0,0.0,1.0,0.0,0.0,0.0,0.0,0.0,0.0,33.0,36809.0,7
1.0,0.0,0.0,1.0,0.0,0.0,0.0,0.0,0.0,0.0,41.0,68269.0,7
1.0,0.0,0.0,0.0,0.0,0.0,0.0,1.0,0.0,0.0,24.0,27272.0,4
0.0,0.0,0.0,1.0,0.0,0.0,0.0,0.0,0.0,1.0,61.0,46013.0,5
0.0,0.0,0.0,0.0,0.0,0.0,0.0,1.0,1.0,0.0,41.0,50480.0,11
0.0,1.0,0.0,1.0,0.0,0.0,0.0,0.0,0.0,0.0,52.0,32708.0,6
0.0,0.0,0.0,0.0,0.0,0.0,0.0,1.0,0.0,1.0,59.0,48526.0,2
0.0,0.0,0.0,1.0,0.0,0.0,1.0,0.0,0.0,0.0,40.0,46011.0,9
0.0,0.0,1.0,0.0,0.0,0.0,0.0,1.0,0.0,0.0,21.0,23613.0,10
0.0,0.0,1.0,1.0,0.0,0.0,0.0,0.0,0.0,0.0,43.0,54571.0,3
1.0,0.0,0.0,0.0,0.0,0.0,0.0,1.0,0.0,0.0,35.0,46071.0,4
0.0,0.0,0.0,0.0,0.0,0.0,0.0,1.0,0.0,1.0,30.0,34503.0,2
0.0,0.0,0.0,1.0,0.0,0.0,0.0,0.0,1.0,0.0,25.0,33683.0,1
0.0,1.0,0.0,1.0,0.0,0.0,0.0,0.0,0.0,0.0,47.0,62616.0,6
0.0,0.0,0.0,1.0,0.0,0.0,1.0,0.0,0.0,0.0,23.0,24729.0,9
0.0,0.0,0.0,0.0,0.0,0.0,0.0,1.0,1.0,0.0,60.0,35511.0,11
0.0,0.0,0.0,0.0,0.0,0.0,0.0,1.0,0.0,1.0,31.0,42791.0,2
0.0,0.0,0.0,1.0,0.0,0.0,0.0,0.0,1.0,0.0,58.0,48535.0,1
0.0,0.0,0.0,0.0,0.0,0.0,0.0,1.0,1.0,0.0,56.0,54330.0,11
1.0,0.0,0.0,1.0,0.0,0.0,0.0,0.0,0.0,0.0,19.0,28115.0,7
0.0,0.0,0.0,1.0,0.0,0.0,1.0,0.0,0.0,0.0,21.0,29006.0,9
0.0,0.0,0.0,1.0,0.0,0.0,0.0,0.0,1.0,0.0,39.0,61738.0,1
0.0,0.0,0.0,0.0,0.0,0.0,0.0,1.0,0.0,1.0,33.0,31854.0,2
0.0,0.0,0.0,2.0,0.0,0.0,0.0,0.0,0.0,0.0,26.0,39383.0,0
1.0,0.0,0.0,1.0,0.0,0.0,0.0,0.0,0.0,0.0,54.0,33742.0,7
0.0,0.0,0.0,1.0,0.0,0.0,0.0,0.0,1.0,0.0,31.0,34389.0,1
0.0,0.0,0.0,1.0,0.0,0.0,0.0,0.0,0.0,1.0,22.0,28898.0,8
0.0,0.0,0.0,2.0,0.0,0.0,0.0,0.0,0.0,0.0,53.0,56977.0,0
1.0,0.0,0.0,1.0,0.0,0.0,0.0,0.0,0.0,0.0,31.0,36010.0,7
0.0,0.0,0.0,1.0,0.0,0.0,1.0,0.0,0.0,0.0,55.0,47761.0,9
0.0,0.0,0.0,1.0,0.0,0.0,0.0,0.0,1.0,0.0,31.0,43477.0,1
1.0,0.0,0.0,0.0,0.0,0.0,0.0,1.0,0.0,0.0,32.0,42399.0,4
1.0,0.0,0.0,0.0,0.0,0.0,0.0,1.0,0.0,0.0,39.0,46363.0,4
0.0,0.0,0.0,1.0,0.0,0.0,1.0,0.0,0.0,0.0,27.0,42451.0,9
0.0,0.0,0.0,0.0,0.0,0.0,0.0,1.0,0.0,1.0,56.0,53559.0,2
0.0,0.0,1.0,1.0,0.0,0.0,0.0,0.0,0.0,0.0,18.0,27231.0,3
0.0,0.0,0.0,1.0,0.0,0.0,0.0,0.0,0.0,1.0,35.0,62902.0,5
0.0,0.0,0.0,1.0,0.0,0.0,0.0,1.0,0.0,0.0,27.0,33580.0,12
0.0,0.0,0.0,0.0,0.0,0.0,0.0,1.0,0.0,1.0,26.0,36965.0,2
1.0,0.0,0.0,1.0,0.0,0.0,0.0,0.0,0.0,0.0,52.0,33355.0,7
0.0,0.0,0.0,1.0,0.0,0.0,0.0,0.0,0.0,1.0,34.0,42058.0,8
1.0,0.0,0.0,1.0,0.0,0.0,0.0,0.0,0.0,0.0,29.0,43599.0,7
0.0,0.0,0.0,1.0,0.0,0.0,0.0,0.0,1.0,0.0,25.0,40709.0,1
0.0,0.0,0.0,1.0,0.0,0.0,0.0,0.0,0.0,1.0,60.0,54620.0,5
0.0,0.0,0.0,1.0,0.0,0.0,1.0,0.0,0.0,0.0,19.0,24055.0,9
0.0,0.0,0.0,2.0,0.0,0.0,0.0,0.0,0.0,0.0,26.0,34877.0,0
1.0,0.0,0.0,1.0,0.0,0.0,0.0,0.0,0.0,0.0,18.0,20528.0,7
1.0,0.0,0.0,0.0,0.0,0.0,0.0,1.0,0.0,0.0,40.0,59736.0,4
1.0,0.0,0.0,1.0,0.0,0.0,0.0,0.0,0.0,0.0,33.0,34305.0,7
0.0,0.0,1.0,1.0,0.0,0.0,0.0,0.0,0.0,0.0,55.0,41422.0,3
0.0,0.0,0.0,0.0,0.0,0.0,0.0,1.0,0.0,1.0,38.0,47850.0,2
1.0,0.0,0.0,1.0,0.0,0.0,0.0,0.0,0.0,0.0,19.0,27193.0,7
0.0,0.0,0.0,0.0,0.0,0.0,0.0,1.0,0.0,1.0,29.0,44176.0,2
0.0,0.0,1.0,1.0,0.0,0.0,0.0,0.0,0.0,0.0,34.0,31923.0,3
0.0,0.0,0.0,2.0,0.0,0.0,0.0,0.0,0.0,0.0,21.0,23882.0,0
0.0,0.0,0.0,0.0,0.0,0.0,0.0,1.0,0.0,1.0,26.0,33438.0,2
1.0,0.0,0.0,1.0,0.0,0.0,0.0,0.0,0.0,0.0,65.0,56565.0,7
0.0,0.0,1.0,1.0,0.0,0.0,0.0,0.0,0.0,0.0,44.0,69170.0,3
1.0,0.0,0.0,1.0,0.0,0.0,0.0,0.0,0.0,0.0,51.0,49265.0,7
0.0,0.0,1.0,1.0,0.0,0.0,0.0,0.0,0.0,0.0,25.0,41290.0,3
0.0,1.0,0.0,1.0,0.0,0.0,0.0,0.0,0.0,0.0,65.0,41489.0,6
0.0,0.0,0.0,1.0,0.0,0.0,0.0,0.0,1.0,0.0,22.0,29998.0,1
0.0,0.0,0.0,1.0,0.0,0.0,0.0,0.0,0.0,1.0,48.0,65734.0,5
1.0,0.0,0.0,0.0,0.0,0.0,0.0,1.0,0.0,0.0,46.0,59030.0,4
1.0,0.0,0.0,1.0,0.0,0.0,0.0,0.0,0.0,0.0,41.0,50438.0,7
0.0,1.0,0.0,1.0,0.0,0.0,0.0,0.0,0.0,0.0,50.0,50190.0,6
1.0,0.0,0.0,0.0,0.0,0.0,0.0,1.0,0.0,0.0,55.0,34562.0,4
0.0,1.0,0.0,1.0,0.0,0.0,0.0,0.0,0.0,0.0,24.0,23385.0,6
1.0,0.0,0.0,1.0,0.0,0.0,0.0,0.0,0.0,0.0,46.0,51781.0,7
0.0,1.0,0.0,1.0,0.0,0.0,0.0,0.0,0.0,0.0,50.0,56392.0,6
0.0,1.0,0.0,1.0,0.0,0.0,0.0,0.0,0.0,0.0,32.0,30972.0,6
1.0,0.0,0.0,1.0,0.0,0.0,0.0,0.0,0.0,0.0,57.0,48680.0,7
0.0,0.0,0.0,0.0,0.0,0.0,0.0,1.0,0.0,1.0,20.0,25747.0,2
0.0,0.0,1.0,1.0,0.0,0.0,0.0,0.0,0.0,0.0,64.0,47441.0,3
0.0,0.0,0.0,1.0,0.0,0.0,0.0,0.0,0.0,1.0,60.0,39210.0,5
0.0,0.0,1.0,1.0,0.0,0.0,0.0,0.0,0.0,0.0,51.0,49557.0,3
1.0,0.0,0.0,1.0,0.0,0.0,0.0,0.0,0.0,0.0,37.0,62654.0,7
0.0,1.0,0.0,1.0,0.0,0.0,0.0,0.0,0.0,0.0,47.0,50517.0,6
0.0,1.0,0.0,1.0,0.0,0.0,0.0,0.0,0.0,0.0,59.0,40605.0,6
1.0,0.0,0.0,1.0,0.0,0.0,0.0,0.0,0.0,0.0,19.0,24794.0,7
0.0,0.0,0.0,1.0,0.0,0.0,0.0,0.0,1.0,0.0,21.0,24740.0,1
1.0,0.0,0.0,1.0,0.0,0.0,0.0,0.0,0.0,0.0,48.0,63767.0,7
0.0,0.0,0.0,1.0,0.0,0.0,0.0,0.0,0.0,1.0,43.0,53760.0,5
0.0,0.0,0.0,1.0,0.0,0.0,0.0,0.0,0.0,1.0,45.0,61856.0,5
0.0,0.0,1.0,0.0,0.0,0.0,0.0,1.0,0.0,0.0,61.0,59496.0,10
0.0,0.0,0.0,1.0,0.0,0.0,0.0,1.0,0.0,0.0,24.0,21560.0,12
0.0,1.0,0.0,1.0,0.0,0.0,0.0,0.0,0.0,0.0,49.0,49442.0,6
0.0,0.0,0.0,1.0,0.0,0.0,1.0,0.0,0.0,0.0,63.0,54579.0,9
0.0,1.0,0.0,1.0,0.0,0.0,0.0,0.0,0.0,0.0,46.0,58487.0,6
1.0,0.0,0.0,1.0,0.0,0.0,0.0,0.0,0.0,0.0,22.0,20971.0,7
0.0,0.0,1.0,1.0,0.0,0.0,0.0,0.0,0.0,0.0,23.0,24543.0,3
0.0,0.0,0.0,0.0,0.0,0.0,0.0,1.0,0.0,1.0,38.0,66492.0,2
0.0,1.0,0.0,1.0,0.0,0.0,0.0,0.0,0.0,0.0,56.0,34157.0,6
0.0,0.0,0.0,1.0,0.0,0.0,0.0,0.0,0.0,1.0,27.0,41492.0,8
1.0,0.0,0.0,1.0,0.0,0.0,0.0,0.0,0.0,0.0,22.0,22174.0,7
1.0,0.0,0.0,1.0,0.0,0.0,0.0,0.0,0.0,0.0,26.0,34090.0,7
1.0,0.0,0.0,1.0,0.0,0.0,0.0,0.0,0.0,0.0,35.0,49792.0,7
1.0,0.0,0.0,1.0,0.0,0.0,0.0,0.0,0.0,0.0,58.0,40554.0,7
0.0,1.0,0.0,1.0,0.0,0.0,0.0,0.0,0.0,0.0,55.0,57147.0,6
0.0,0.0,0.0,1.0,0.0,0.0,0.0,1.0,0.0,0.0,53.0,38111.0,12
1.0,0.0,0.0,1.0,0.0,0.0,0.0,0.0,0.0,0.0,63.0,54951.0,7
0.0,0.0,0.0,1.0,0.0,0.0,0.0,0.0,1.0,0.0,38.0,67158.0,1
0.0,0.0,0.0,1.0,0.0,0.0,0.0,0.0,1.0,0.0,42.0,57868.0,1
1.0,0.0,0.0,1.0,0.0,0.0,0.0,0.0,0.0,0.0,56.0,46038.0,7
1.0,0.0,0.0,1.0,0.0,0.0,0.0,0.0,0.0,0.0,51.0,34658.0,7
0.0,0.0,0.0,1.0,0.0,0.0,1.0,0.0,0.0,0.0,36.0,63921.0,9
1.0,0.0,0.0,1.0,0.0,0.0,0.0,0.0,0.0,0.0,47.0,65722.0,7
1.0,0.0,0.0,1.0,0.0,0.0,0.0,0.0,0.0,0.0,50.0,38805.0,7
1.0,0.0,0.0,1.0,0.0,0.0,0.0,0.0,0.0,0.0,56.0,50572.0,7
1.0,0.0,0.0,1.0,0.0,0.0,0.0,0.0,0.0,0.0,24.0,26146.0,7
0.0,0.0,0.0,1.0,0.0,0.0,0.0,0.0,0.0,1.0,62.0,44810.0,5
0.0,0.0,1.0,1.0,0.0,0.0,0.0,0.0,0.0,0.0,25.0,31237.0,3
0.0,0.0,0.0,0.0,0.0,0.0,0.0,1.0,0.0,1.0,59.0,50762.0,2
1.0,0.0,0.0,1.0,0.0,0.0,0.0,0.0,0.0,0.0,59.0,56037.0,7
0.0,0.0,0.0,1.0,0.0,0.0,0.0,1.0,0.0,0.0,53.0,58839.0,12
0.0,0.0,0.0,1.0,0.0,0.0,1.0,0.0,0.0,0.0,64.0,55194.0,9
1.0,0.0,0.0,1.0,0.0,0.0,0.0,0.0,0.0,0.0,31.0,31525.0,7
0.0,0.0,0.0,2.0,0.0,0.0,0.0,0.0,0.0,0.0,45.0,58200.0,0
0.0,0.0,0.0,1.0,0.0,0.0,0.0,0.0,0.0,1.0,46.0,61895.0,5
0.0,0.0,0.0,1.0,0.0,0.0,0.0,0.0,0.0,1.0,32.0,42284.0,8
0.0,0.0,0.0,1.0,0.0,0.0,0.0,0.0,0.0,1.0,44.0,54116.0,5
1.0,0.0,0.0,0.0,0.0,0.0,0.0,1.0,0.0,0.0,39.0,67764.0,4
0.0,0.0,1.0,1.0,0.0,0.0,0.0,0.0,0.0,0.0,43.0,59899.0,3
0.0,1.0,0.0,1.0,0.0,0.0,0.0,0.0,0.0,0.0,44.0,60992.0,6
1.0,0.0,0.0,0.0,0.0,0.0,0.0,1.0,0.0,0.0,24.0,29534.0,4
0.0,0.0,0.0,0.0,0.0,0.0,0.0,1.0,1.0,0.0,38.0,45081.0,11
1.0,0.0,0.0,0.0,0.0,0.0,0.0,1.0,0.0,0.0,45.0,69009.0,4
1.0,0.0,0.0,0.0,0.0,0.0,0.0,1.0,0.0,0.0,38.0,48052.0,4
0.0,0.0,0.0,2.0,0.0,0.0,0.0,0.0,0.0,0.0,34.0,37511.0,0
0.0,0.0,0.0,1.0,0.0,0.0,0.0,0.0,0.0,1.0,41.0,65802.0,5
0.0,0.0,0.0,1.0,0.0,0.0,0.0,1.0,0.0,0.0,27.0,40881.0,12
0.0,0.0,0.0,1.0,0.0,0.0,1.0,0.0,0.0,0.0,61.0,52848.0,9
0.0,0.0,0.0,1.0,0.0,0.0,0.0,0.0,0.0,1.0,48.0,56738.0,5
0.0,0.0,0.0,1.0,0.0,0.0,0.0,0.0,0.0,1.0,22.0,21037.0,8
0.0,0.0,0.0,2.0,0.0,0.0,0.0,0.0,0.0,0.0,23.0,28756.0,0
0.0,0.0,0.0,1.0,0.0,0.0,1.0,0.0,0.0,0.0,23.0,23568.0,9
0.0,0.0,0.0,1.0,0.0,0.0,1.0,0.0,0.0,0.0,45.0,59078.0,9
0.0,1.0,0.0,1.0,0.0,0.0,0.0,0.0,0.0,0.0,24.0,23470.0,6
0.0,0.0,0.0,1.0,0.0,0.0,0.0,0.0,1.0,0.0,65.0,46210.0,1
0.0,0.0,0.0,1.0,0.0,0.0,0.0,0.0,1.0,0.0,65.0,38799.0,1
1.0,0.0,0.0,0.0,0.0,0.0,0.0,1.0,0.0,0.0,41.0,55579.0,4
0.0,0.0,1.0,0.0,0.0,0.0,0.0,1.0,0.0,0.0,26.0,43571.0,10
0.0,1.0,0.0,1.0,0.0,0.0,0.0,0.0,0.0,0.0,53.0,39292.0,6
0.0,0.0,0.0,1.0,0.0,0.0,0.0,0.0,0.0,1.0,21.0,25533.0,8
1.0,0.0,0.0,0.0,0.0,0.0,0.0,1.0,0.0,0.0,55.0,47934.0,4
1.0,0.0,0.0,0.0,0.0,0.0,0.0,1.0,0.0,0.0,53.0,48937.0,4
0.0,0.0,0.0,1.0,0.0,0.0,0.0,0.0,0.0,1.0,53.0,34279.0,5
0.0,0.0,0.0,1.0,0.0,0.0,0.0,1.0,0.0,0.0,39.0,63551.0,12
1.0,0.0,0.0,0.0,0.0,0.0,0.0,1.0,0.0,0.0,60.0,57932.0,4
0.0,0.0,0.0,1.0,0.0,0.0,0.0,0.0,0.0,1.0,25.0,37951.0,8
0.0,1.0,0.0,1.0,0.0,0.0,0.0,0.0,0.0,0.0,44.0,56263.0,6
1.0,0.0,0.0,1.0,0.0,0.0,0.0,0.0,0.0,0.0,40.0,67365.0,7
1.0,0.0,0.0,0.0,0.0,0.0,0.0,1.0,0.0,0.0,60.0,54977.0,4
0.0,0.0,1.0,1.0,0.0,0.0,0.0,0.0,0.0,0.0,45.0,46586.0,3
0.0,0.0,0.0,1.0,0.0,0.0,0.0,1.0,0.0,0.0,64.0,31505.0,12
0.0,0.0,0.0,0.0,0.0,0.0,0.0,1.0,0.0,1.0,21.0,21631.0,2
0.0,1.0,0.0,1.0,0.0,0.0,0.0,0.0,0.0,0.0,36.0,65518.0,6
0.0,0.0,0.0,1.0,0.0,0.0,0.0,1.0,0.0,0.0,56.0,55686.0,12
0.0,0.0,0.0,1.0,0.0,0.0,1.0,0.0,0.0,0.0,37.0,60059.0,9
0.0,0.0,1.0,1.0,0.0,0.0,0.0,0.0,0.0,0.0,40.0,45533.0,3
0.0,1.0,0.0,1.0,0.0,0.0,0.0,0.0,0.0,0.0,24.0,22035.0,6
0.0,0.0,0.0,1.0,0.0,0.0,0.0,0.0,1.0,0.0,54.0,58103.0,1
1.0,0.0,0.0,1.0,0.0,0.0,0.0,0.0,0.0,0.0,50.0,35176.0,7
0.0,0.0,0.0,2.0,0.0,0.0,0.0,0.0,0.0,0.0,31.0,37230.0,0
0.0,0.0,0.0,1.0,0.0,0.0,0.0,0.0,1.0,0.0,27.0,37479.0,1
0.0,0.0,0.0,1.0,0.0,0.0,0.0,0.0,0.0,1.0,60.0,30022.0,5
0.0,0.0,0.0,1.0,0.0,0.0,0.0,0.0,0.0,1.0,48.0,59018.0,5
1.0,0.0,0.0,1.0,0.0,0.0,0.0,0.0,0.0,0.0,32.0,33314.0,7
0.0,0.0,1.0,1.0,0.0,0.0,0.0,0.0,0.0,0.0,24.0,22161.0,3
1.0,0.0,0.0,1.0,0.0,0.0,0.0,0.0,0.0,0.0,40.0,66299.0,7
0.0,0.0,0.0,1.0,0.0,0.0,0.0,0.0,0.0,1.0,53.0,39891.0,5
1.0,0.0,0.0,0.0,0.0,0.0,0.0,1.0,0.0,0.0,41.0,50209.0,4
0.0,0.0,0.0,2.0,0.0,0.0,0.0,0.0,0.0,0.0,25.0,44326.0,0
0.0,0.0,0.0,2.0,0.0,0.0,0.0,0.0,0.0,0.0,35.0,53979.0,0
0.0,0.0,0.0,1.0,0.0,0.0,0.0,0.0,0.0,1.0,54.0,33058.0,5
0.0,0.0,1.0,1.0,0.0,0.0,0.0,0.0,0.0,0.0,32.0,40724.0,3
1.0,0.0,0.0,0.0,0.0,0.0,0.0,1.0,0.0,0.0,45.0,56810.0,4
0.0,0.0,0.0,1.0,0.0,0.0,1.0,0.0,0.0,0.0,53.0,38204.0,9
0.0,1.0,0.0,1.0,0.0,0.0,0.0,0.0,0.0,0.0,57.0,32700.0,6
0.0,0.0,0.0,1.0,0.0,0.0,0.0,0.0,0.0,1.0,57.0,42184.0,5
1.0,0.0,0.0,1.0,0.0,0.0,0.0,0.0,0.0,0.0,61.0,51774.0,7
0.0,0.0,0.0,1.0,0.0,0.0,0.0,0.0,0.0,1.0,59.0,59615.0,5
0.0,0.0,1.0,1.0,0.0,0.0,0.0,0.0,0.0,0.0,19.0,22711.0,3
0.0,1.0,0.0,1.0,0.0,0.0,0.0,0.0,0.0,0.0,56.0,31696.0,6
0.0,0.0,0.0,0.0,0.0,0.0,0.0,1.0,1.0,0.0,60.0,42987.0,11
0.0,0.0,0.0,1.0,0.0,0.0,0.0,0.0,1.0,0.0,62.0,50499.0,1
0.0,0.0,0.0,1.0,0.0,0.0,1.0,0.0,0.0,0.0,35.0,55010.0,9
0.0,0.0,1.0,1.0,0.0,0.0,0.0,0.0,0.0,0.0,29.0,37032.0,3
1.0,0.0,0.0,1.0,0.0,0.0,0.0,0.0,0.0,0.0,35.0,66478.0,7
0.0,0.0,0.0,1.0,0.0,0.0,1.0,0.0,0.0,0.0,62.0,32988.0,9
1.0,0.0,0.0,1.0,0.0,0.0,0.0,0.0,0.0,0.0,37.0,68058.0,7
0.0,0.0,0.0,0.0,0.0,0.0,0.0,1.0,0.0,1.0,39.0,48118.0,2
0.0,0.0,0.0,1.0,0.0,0.0,0.0,1.0,0.0,0.0,18.0,23496.0,12
0.0,0.0,0.0,0.0,0.0,0.0,0.0,1.0,0.0,1.0,29.0,37812.0,2
1.0,0.0,0.0,1.0,0.0,0.0,0.0,0.0,0.0,0.0,27.0,31276.0,7
0.0,1.0,0.0,1.0,0.0,0.0,0.0,0.0,0.0,0.0,54.0,34348.0,6
1.0,0.0,0.0,0.0,0.0,0.0,0.0,1.0,0.0,0.0,60.0,49453.0,4
0.0,1.0,0.0,1.0,0.0,0.0,0.0,0.0,0.0,0.0,43.0,52411.0,6
0.0,0.0,1.0,0.0,0.0,0.0,0.0,1.0,0.0,0.0,22.0,28510.0,10
0.0,0.0,0.0,0.0,0.0,0.0,0.0,1.0,1.0,0.0,27.0,41140.0,11
1.0,0.0,0.0,1.0,0.0,0.0,0.0,0.0,0.0,0.0,65.0,44583.0,7
1.0,0.0,0.0,1.0,0.0,0.0,0.0,0.0,0.0,0.0,58.0,30304.0,7
0.0,0.0,0.0,2.0,0.0,0.0,0.0,0.0,0.0,0.0,19.0,20132.0,0
0.0,0.0,0.0,1.0,0.0,0.0,0.0,0.0,0.0,1.0,23.0,25629.0,8
0.0,0.0,0.0,2.0,0.0,0.0,0.0,0.0,0.0,0.0,65.0,56775.0,0
0.0,0.0,0.0,1.0,0.0,0.0,0.0,0.0,0.0,1.0,51.0,33951.0,5
0.0,0.0,0.0,0.0,0.0,0.0,0.0,1.0,1.0,0.0,31.0,44095.0,11
0.0,0.0,1.0,0.0,0.0,0.0,0.0,1.0,0.0,0.0,42.0,58838.0,10
0.0,0.0,0.0,1.0,0.0,0.0,0.0,0.0,0.0,1.0,44.0,67742.0,5
1.0,0.0,0.0,1.0,0.0,0.0,0.0,0.0,0.0,0.0,47.0,49331.0,7
0.0,0.0,0.0,1.0,0.0,0.0,0.0,0.0,0.0,1.0,39.0,60653.0,5
1.0,0.0,0.0,1.0,0.0,0.0,0.0,0.0,0.0,0.0,28.0,31160.0,7
1.0,0.0,0.0,0.0,0.0,0.0,0.0,1.0,0.0,0.0,41.0,52502.0,4
1.0,0.0,0.0,1.0,0.0,0.0,0.0,0.0,0.0,0.0,37.0,57552.0,7
0.0,0.0,0.0,1.0,0.0,0.0,0.0,0.0,1.0,0.0,64.0,32927.0,1
1.0,0.0,0.0,1.0,0.0,0.0,0.0,0.0,0.0,0.0,38.0,68945.0,7
1.0,0.0,0.0,0.0,0.0,0.0,0.0,1.0,0.0,0.0,54.0,56409.0,4
0.0,0.0,0.0,1.0,0.0,0.0,0.0,0.0,0.0,1.0,56.0,33356.0,5
1.0,0.0,0.0,1.0,0.0,0.0,0.0,0.0,0.0,0.0,23.0,21690.0,7
0.0,0.0,1.0,1.0,0.0,0.0,0.0,0.0,0.0,0.0,21.0,25133.0,3
1.0,0.0,0.0,1.0,0.0,0.0,0.0,0.0,0.0,0.0,27.0,36022.0,7
0.0,0.0,0.0,1.0,0.0,0.0,0.0,0.0,1.0,0.0,28.0,44434.0,1
1.0,0.0,0.0,1.0,0.0,0.0,0.0,0.0,0.0,0.0,57.0,39805.0,7
0.0,0.0,0.0,1.0,0.0,0.0,1.0,0.0,0.0,0.0,21.0,22246.0,9
1.0,0.0,0.0,1.0,0.0,0.0,0.0,0.0,0.0,0.0,61.0,42541.0,7
1.0,0.0,0.0,1.0,0.0,0.0,0.0,0.0,0.0,0.0,23.0,22181.0,7
1.0,0.0,0.0,0.0,0.0,0.0,0.0,1.0,0.0,0.0,35.0,66023.0,4
0.0,0.0,0.0,1.0,0.0,0.0,0.0,0.0,1.0,0.0,46.0,67188.0,1
1.0,0.0,0.0,0.0,0.0,0.0,0.0,1.0,0.0,0.0,60.0,34681.0,4
0.0,0.0,0.0,2.0,0.0,0.0,0.0,0.0,0.0,0.0,45.0,47241.0,0
0.0,0.0,0.0,2.0,0.0,0.0,0.0,0.0,0.0,0.0,49.0,62383.0,0
0.0,0.0,1.0,1.0,0.0,0.0,0.0,0.0,0.0,0.0,56.0,48457.0,3
1.0,0.0,0.0,0.0,0.0,0.0,0.0,1.0,0.0,0.0,46.0,45277.0,4
0.0,0.0,0.0,1.0,0.0,0.0,0.0,0.0,0.0,1.0,44.0,64998.0,5
1.0,0.0,0.0,1.0,0.0,0.0,0.0,0.0,0.0,0.0,35.0,66299.0,7
1.0,0.0,0.0,1.0,0.0,0.0,0.0,0.0,0.0,0.0,31.0,32688.0,7
0.0,0.0,0.0,1.0,0.0,0.0,0.0,0.0,1.0,0.0,50.0,44421.0,1
0.0,0.0,0.0,1.0,0.0,0.0,0.0,0.0,0.0,1.0,25.0,35753.0,8
1.0,0.0,0.0,1.0,0.0,0.0,0.0,0.0,0.0,0.0,40.0,68672.0,7
1.0,0.0,0.0,0.0,0.0,0.0,0.0,1.0,0.0,0.0,45.0,51981.0,4
0.0,0.0,0.0,1.0,0.0,0.0,0.0,0.0,0.0,1.0,25.0,40290.0,8
0.0,0.0,0.0,1.0,0.0,0.0,0.0,0.0,0.0,1.0,61.0,34960.0,5
0.0,0.0,0.0,2.0,0.0,0.0,0.0,0.0,0.0,0.0,61.0,43490.0,0
1.0,0.0,0.0,0.0,0.0,0.0,0.0,1.0,0.0,0.0,55.0,50187.0,4
0.0,0.0,0.0,1.0,0.0,0.0,0.0,0.0,0.0,1.0,49.0,67497.0,5
0.0,0.0,0.0,1.0,0.0,0.0,0.0,0.0,0.0,1.0,51.0,44496.0,5
0.0,0.0,0.0,1.0,0.0,0.0,0.0,0.0,1.0,0.0,60.0,58179.0,1
0.0,0.0,0.0,1.0,0.0,0.0,1.0,0.0,0.0,0.0,37.0,52118.0,9
1.0,0.0,0.0,0.0,0.0,0.0,0.0,1.0,0.0,0.0,20.0,21420.0,4
0.0,0.0,0.0,0.0,0.0,0.0,0.0,1.0,0.0,1.0,32.0,44689.0,2
0.0,1.0,0.0,1.0,0.0,0.0,0.0,0.0,0.0,0.0,43.0,48292.0,6
0.0,0.0,0.0,1.0,0.0,0.0,1.0,0.0,0.0,0.0,56.0,34587.0,9
0.0,0.0,0.0,0.0,0.0,0.0,0.0,1.0,0.0,1.0,21.0,22017.0,2
0.0,1.0,0.0,1.0,0.0,0.0,0.0,0.0,0.0,0.0,18.0,29659.0,6
1.0,0.0,0.0,0.0,0.0,0.0,0.0,1.0,0.0,0.0,37.0,57583.0,4
0.0,0.0,0.0,1.0,0.0,0.0,0.0,0.0,1.0,0.0,31.0,35759.0,1
1.0,0.0,0.0,1.0,0.0,0.0,0.0,0.0,0.0,0.0,26.0,37035.0,7
0.0,0.0,0.0,1.0,0.0,0.0,1.0,0.0,0.0,0.0,34.0,35152.0,9
0.0,0.0,0.0,0.0,0.0,0.0,0.0,1.0,0.0,1.0,36.0,49581.0,2
0.0,0.0,1.0,1.0,0.0,0.0,0.0,0.0,0.0,0.0,38.0,53119.0,3
1.0,0.0,0.0,1.0,0.0,0.0,0.0,0.0,0.0,0.0,25.0,34537.0,7
1.0,0.0,0.0,1.0,0.0,0.0,0.0,0.0,0.0,0.0,18.0,21380.0,7
0.0,0.0,0.0,1.0,0.0,0.0,1.0,0.0,0.0,0.0,49.0,53131.0,9
1.0,0.0,0.0,1.0,0.0,0.0,0.0,0.0,0.0,0.0,65.0,48133.0,7
0.0,0.0,0.0,1.0,0.0,0.0,0.0,0.0,0.0,1.0,45.0,64693.0,5
0.0,0.0,0.0,1.0,0.0,0.0,1.0,0.0,0.0,0.0,29.0,39830.0,9
0.0,0.0,0.0,1.0,0.0,0.0,0.0,0.0,0.0,1.0,42.0,64909.0,5
0.0,0.0,0.0,1.0,0.0,0.0,0.0,1.0,0.0,0.0,52.0,39336.0,12
0.0,0.0,0.0,2.0,0.0,0.0,0.0,0.0,0.0,0.0,63.0,55525.0,0
0.0,0.0,0.0,1.0,0.0,0.0,0.0,0.0,0.0,1.0,32.0,41312.0,8
0.0,0.0,1.0,0.0,0.0,0.0,0.0,1.0,0.0,0.0,50.0,30878.0,10
0.0,0.0,0.0,1.0,0.0,0.0,0.0,0.0,0.0,1.0,53.0,57783.0,5
0.0,0.0,0.0,0.0,0.0,0.0,0.0,1.0,0.0,1.0,60.0,57756.0,2
0.0,0.0,0.0,1.0,0.0,0.0,0.0,0.0,0.0,1.0,40.0,66574.0,5
0.0,0.0,0.0,0.0,0.0,0.0,0.0,1.0,0.0,1.0,22.0,24942.0,2
1.0,0.0,0.0,1.0,0.0,0.0,0.0,0.0,0.0,0.0,43.0,51732.0,7
1.0,0.0,0.0,0.0,0.0,0.0,0.0,1.0,0.0,0.0,65.0,46965.0,4
0.0,0.0,0.0,1.0,0.0,0.0,0.0,1.0,0.0,0.0,20.0,29943.0,12
0.0,0.0,1.0,0.0,0.0,0.0,0.0,1.0,0.0,0.0,45.0,61696.0,10
1.0,0.0,0.0,0.0,0.0,0.0,0.0,1.0,0.0,0.0,19.0,23090.0,4
0.0,0.0,0.0,1.0,0.0,0.0,0.0,1.0,0.0,0.0,47.0,69505.0,12
1.0,0.0,0.0,1.0,0.0,0.0,0.0,0.0,0.0,0.0,22.0,26418.0,7
0.0,0.0,0.0,0.0,0.0,0.0,0.0,1.0,0.0,1.0,38.0,54684.0,2
1.0,0.0,0.0,0.0,0.0,0.0,0.0,1.0,0.0,0.0,54.0,51173.0,4
0.0,0.0,0.0,1.0,0.0,0.0,0.0,1.0,0.0,0.0,45.0,46788.0,12
1.0,0.0,0.0,1.0,0.0,0.0,0.0,0.0,0.0,0.0,54.0,55683.0,7
0.0,0.0,0.0,1.0,0.0,0.0,1.0,0.0,0.0,0.0,43.0,52842.0,9
0.0,1.0,0.0,1.0,0.0,0.0,0.0,0.0,0.0,0.0,58.0,42644.0,6
0.0,0.0,0.0,0.0,0.0,0.0,0.0,1.0,0.0,1.0,44.0,48694.0,2
1.0,0.0,0.0,1.0,0.0,0.0,0.0,0.0,0.0,0.0,36.0,52899.0,7
0.0,0.0,0.0,1.0,0.0,0.0,0.0,0.0,0.0,1.0,25.0,38185.0,8
1.0,0.0,0.0,1.0,0.0,0.0,0.0,0.0,0.0,0.0,43.0,65908.0,7
0.0,0.0,0.0,1.0,0.0,0.0,0.0,0.0,0.0,1.0,19.0,29730.0,8
1.0,0.0,0.0,0.0,0.0,0.0,0.0,1.0,0.0,0.0,38.0,47326.0,4
1.0,0.0,0.0,1.0,0.0,0.0,0.0,0.0,0.0,0.0,28.0,38655.0,7
0.0,0.0,0.0,1.0,0.0,0.0,0.0,0.0,0.0,1.0,57.0,59121.0,5
0.0,0.0,1.0,1.0,0.0,0.0,0.0,0.0,0.0,0.0,47.0,45395.0,3
0.0,0.0,0.0,2.0,0.0,0.0,0.0,0.0,0.0,0.0,62.0,41832.0,0
1.0,0.0,0.0,0.0,0.0,0.0,0.0,1.0,0.0,0.0,23.0,22162.0,4
1.0,0.0,0.0,1.0,0.0,0.0,0.0,0.0,0.0,0.0,45.0,57675.0,7
0.0,0.0,0.0,1.0,0.0,0.0,0.0,0.0,0.0,1.0,33.0,36895.0,8
0.0,0.0,0.0,0.0,0.0,0.0,0.0,1.0,1.0,0.0,45.0,56973.0,11
0.0,0.0,0.0,1.0,0.0,0.0,1.0,0.0,0.0,0.0,55.0,47903.0,9
1.0,0.0,0.0,1.0,0.0,0.0,0.0,0.0,0.0,0.0,43.0,67378.0,7
1.0,0.0,0.0,1.0,0.0,0.0,0.0,0.0,0.0,0.0,51.0,35661.0,7
1.0,0.0,0.0,1.0,0.0,0.0,0.0,0.0,0.0,0.0,23.0,27717.0,7
1.0,0.0,0.0,1.0,0.0,0.0,0.0,0.0,0.0,0.0,43.0,47391.0,7
0.0,0.0,0.0,1.0,0.0,0.0,0.0,0.0,1.0,0.0,37.0,45546.0,1
0.0,0.0,0.0,0.0,0.0,0.0,0.0,1.0,0.0,1.0,39.0,47212.0,2
0.0,0.0,0.0,1.0,0.0,0.0,0.0,0.0,1.0,0.0,32.0,30225.0,1
0.0,0.0,0.0,1.0,0.0,0.0,1.0,0.0,0.0,0.0,39.0,53591.0,9
1.0,0.0,0.0,1.0,0.0,0.0,0.0,0.0,0.0,0.0,28.0,33534.0,7
0.0,0.0,0.0,0.0,0.0,0.0,0.0,1.0,0.0,1.0,50.0,31981.0,2
0.0,0.0,0.0,1.0,0.0,0.0,0.0,0.0,0.0,1.0,58.0,55863.0,5
1.0,0.0,0.0,1.0,0.0,0.0,0.0,0.0,0.0,0.0,25.0,36520.0,7
1.0,0.0,0.0,1.0,0.0,0.0,0.0,0.0,0.0,0.0,51.0,46600.0,7
1.0,0.0,0.0,1.0,0.0,0.0,0.0,0.0,0.0,0.0,50.0,39387.0,7
0.0,0.0,0.0,2.0,0.0,0.0,0.0,0.0,0.0,0.0,40.0,68351.0,0
1.0,0.0,0.0,0.0,0.0,0.0,0.0,1.0,0.0,0.0,40.0,61418.0,4
0.0,1.0,0.0,1.0,0.0,0.0,0.0,0.0,0.0,0.0,64.0,55136.0,6
1.0,0.0,0.0,1.0,0.0,0.0,0.0,0.0,0.0,0.0,59.0,43612.0,7
0.0,0.0,0.0,1.0,0.0,0.0,0.0,0.0,1.0,0.0,27.0,36939.0,1
0.0,0.0,1.0,1.0,0.0,0.0,0.0,0.0,0.0,0.0,33.0,41498.0,3
0.0,0.0,0.0,1.0,0.0,0.0,0.0,0.0,1.0,0.0,24.0,26590.0,1
0.0,0.0,0.0,0.0,0.0,0.0,0.0,1.0,1.0,0.0,27.0,31350.0,11
0.0,0.0,1.0,1.0,0.0,0.0,0.0,0.0,0.0,0.0,34.0,40494.0,3
1.0,0.0,0.0,1.0,0.0,0.0,0.0,0.0,0.0,0.0,30.0,38791.0,7
0.0,1.0,0.0,1.0,0.0,0.0,0.0,0.0,0.0,0.0,29.0,38808.0,6
0.0,0.0,0.0,1.0,0.0,0.0,0.0,1.0,0.0,0.0,56.0,50186.0,12
1.0,0.0,0.0,1.0,0.0,0.0,0.0,0.0,0.0,0.0,27.0,32501.0,7
1.0,0.0,0.0,1.0,0.0,0.0,0.0,0.0,0.0,0.0,59.0,39092.0,7
0.0,0.0,0.0,0.0,0.0,0.0,0.0,1.0,0.0,1.0,22.0,21369.0,2
0.0,1.0,0.0,1.0,0.0,0.0,0.0,0.0,0.0,0.0,29.0,35077.0,6
0.0,1.0,0.0,1.0,0.0,0.0,0.0,0.0,0.0,0.0,58.0,32589.0,6
0.0,0.0,0.0,1.0,0.0,0.0,1.0,0.0,0.0,0.0,49.0,61754.0,9
1.0,0.0,0.0,1.0,0.0,0.0,0.0,0.0,0.0,0.0,47.0,51658.0,7
0.0,0.0,0.0,1.0,0.0,0.0,0.0,0.0,1.0,0.0,54.0,56478.0,1
0.0,0.0,0.0,1.0,0.0,0.0,0.0,1.0,0.0,0.0,55.0,35091.0,12
0.0,0.0,0.0,1.0,0.0,0.0,0.0,0.0,0.0,1.0,46.0,62576.0,5
1.0,0.0,0.0,0.0,0.0,0.0,0.0,1.0,0.0,0.0,61.0,40706.0,4
0.0,0.0,0.0,1.0,0.0,0.0,0.0,0.0,0.0,1.0,54.0,42803.0,5
0.0,0.0,0.0,1.0,0.0,0.0,1.0,0.0,0.0,0.0,59.0,49216.0,9
0.0,0.0,1.0,1.0,0.0,0.0,0.0,0.0,0.0,0.0,58.0,50784.0,3
0.0,0.0,0.0,1.0,0.0,0.0,0.0,0.0,0.0,1.0,57.0,55009.0,5
1.0,0.0,0.0,1.0,0.0,0.0,0.0,0.0,0.0,0.0,38.0,66293.0,7
0.0,0.0,1.0,1.0,0.0,0.0,0.0,0.0,0.0,0.0,58.0,52316.0,3
0.0,0.0,0.0,1.0,0.0,0.0,0.0,0.0,0.0,1.0,38.0,66074.0,5
0.0,0.0,0.0,1.0,0.0,0.0,0.0,0.0,0.0,1.0,27.0,31083.0,8
0.0,0.0,0.0,2.0,0.0,0.0,0.0,0.0,0.0,0.0,46.0,55163.0,0
0.0,1.0,0.0,1.0,0.0,0.0,0.0,0.0,0.0,0.0,22.0,27167.0,6
0.0,0.0,0.0,1.0,0.0,0.0,0.0,0.0,0.0,1.0,48.0,68919.0,5
0.0,0.0,0.0,2.0,0.0,0.0,0.0,0.0,0.0,0.0,46.0,52819.0,0
1.0,0.0,0.0,1.0,0.0,0.0,0.0,0.0,0.0,0.0,58.0,31897.0,7
0.0,0.0,0.0,0.0,0.0,0.0,0.0,1.0,0.0,1.0,37.0,53011.0,2
1.0,0.0,0.0,0.0,0.0,0.0,0.0,1.0,0.0,0.0,35.0,47825.0,4
1.0,0.0,0.0,1.0,0.0,0.0,0.0,0.0,0.0,0.0,55.0,44237.0,7
0.0,1.0,0.0,1.0,0.0,0.0,0.0,0.0,0.0,0.0,21.0,21900.0,6
0.0,0.0,0.0,1.0,0.0,0.0,0.0,1.0,0.0,0.0,40.0,59856.0,12
0.0,0.0,0.0,1.0,0.0,0.0,0.0,0.0,0.0,1.0,50.0,50063.0,5
0.0,0.0,0.0,1.0,0.0,0.0,1.0,0.0,0.0,0.0,22.0,29975.0,9
1.0,0.0,0.0,1.0,0.0,0.0,0.0,0.0,0.0,0.0,37.0,46803.0,7
0.0,0.0,0.0,1.0,0.0,0.0,0.0,0.0,0.0,1.0,47.0,55134.0,5
0.0,0.0,0.0,1.0,0.0,0.0,0.0,0.0,0.0,1.0,46.0,66826.0,5
1.0,0.0,0.0,1.0,0.0,0.0,0.0,0.0,0.0,0.0,20.0,22877.0,7
1.0,0.0,0.0,0.0,0.0,0.0,0.0,1.0,0.0,0.0,21.0,21956.0,4
0.0,0.0,0.0,2.0,0.0,0.0,0.0,0.0,0.0,0.0,41.0,45415.0,0
0.0,0.0,0.0,1.0,0.0,0.0,0.0,0.0,0.0,1.0,36.0,68196.0,5
1.0,0.0,0.0,0.0,0.0,0.0,0.0,1.0,0.0,0.0,22.0,22248.0,4
0.0,1.0,0.0,1.0,0.0,0.0,0.0,0.0,0.0,0.0,59.0,52986.0,6
1.0,0.0,0.0,0.0,0.0,0.0,0.0,1.0,0.0,0.0,23.0,20185.0,4
0.0,0.0,1.0,1.0,0.0,0.0,0.0,0.0,0.0,0.0,57.0,35368.0,3
1.0,0.0,0.0,1.0,0.0,0.0,0.0,0.0,0.0,0.0,56.0,46266.0,7
0.0,0.0,0.0,1.0,0.0,0.0,0.0,0.0,0.0,1.0,50.0,41360.0,5
0.0,0.0,1.0,1.0,0.0,0.0,0.0,0.0,0.0,0.0,42.0,62137.0,3
1.0,0.0,0.0,1.0,0.0,0.0,0.0,0.0,0.0,0.0,47.0,61948.0,7
1.0,0.0,0.0,1.0,0.0,0.0,0.0,0.0,0.0,0.0,55.0,55656.0,7
1.0,0.0,0.0,1.0,0.0,0.0,0.0,0.0,0.0,0.0,53.0,56951.0,7
0.0,0.0,0.0,1.0,0.0,0.0,1.0,0.0,0.0,0.0,65.0,53618.0,9
0.0,0.0,0.0,1.0,0.0,0.0,0.0,0.0,0.0,1.0,46.0,50471.0,5
0.0,0.0,0.0,0.0,0.0,0.0,0.0,1.0,1.0,0.0,54.0,42185.0,11
0.0,0.0,0.0,0.0,0.0,0.0,0.0,1.0,1.0,0.0,59.0,34159.0,11
1.0,0.0,0.0,1.0,0.0,0.0,0.0,0.0,0.0,0.0,38.0,53806.0,7
1.0,0.0,0.0,1.0,0.0,0.0,0.0,0.0,0.0,0.0,56.0,54016.0,7
0.0,0.0,0.0,1.0,0.0,0.0,0.0,0.0,1.0,0.0,48.0,48868.0,1
1.0,0.0,0.0,1.0,0.0,0.0,0.0,0.0,0.0,0.0,50.0,55278.0,7
1.0,0.0,0.0,0.0,0.0,0.0,0.0,1.0,0.0,0.0,27.0,44743.0,4
0.0,0.0,0.0,1.0,0.0,0.0,0.0,0.0,0.0,1.0,21.0,20480.0,8
1.0,0.0,0.0,1.0,0.0,0.0,0.0,0.0,0.0,0.0,46.0,55977.0,7
0.0,0.0,1.0,1.0,0.0,0.0,0.0,0.0,0.0,0.0,24.0,27034.0,3
0.0,1.0,0.0,1.0,0.0,0.0,0.0,0.0,0.0,0.0,39.0,53912.0,6
0.0,0.0,0.0,1.0,0.0,0.0,1.0,0.0,0.0,0.0,63.0,47165.0,9
1.0,0.0,0.0,1.0,0.0,0.0,0.0,0.0,0.0,0.0,23.0,21046.0,7
1.0,0.0,0.0,0.0,0.0,0.0,0.0,1.0,0.0,0.0,50.0,38616.0,4
1.0,0.0,0.0,0.0,0.0,0.0,0.0,1.0,0.0,0.0,59.0,53341.0,4
0.0,0.0,0.0,1.0,0.0,0.0,0.0,0.0,0.0,1.0,29.0,39447.0,8
1.0,0.0,0.0,0.0,0.0,0.0,0.0,1.0,0.0,0.0,20.0,21262.0,4
0.0,0.0,0.0,1.0,0.0,0.0,0.0,0.0,1.0,0.0,33.0,38128.0,1
1.0,0.0,0.0,1.0,0.0,0.0,0.0,0.0,0.0,0.0,63.0,44915.0,7
0.0,0.0,0.0,0.0,0.0,0.0,0.0,1.0,0.0,1.0,46.0,61737.0,2
1.0,0.0,0.0,1.0,0.0,0.0,0.0,0.0,0.0,0.0,46.0,56800.0,7
1.0,0.0,0.0,1.0,0.0,0.0,0.0,0.0,0.0,0.0,51.0,31816.0,7
0.0,0.0,1.0,1.0,0.0,0.0,0.0,0.0,0.0,0.0,51.0,46371.0,3
0.0,1.0,0.0,1.0,0.0,0.0,0.0,0.0,0.0,0.0,57.0,58159.0,6
0.0,0.0,0.0,1.0,0.0,0.0,0.0,0.0,0.0,1.0,28.0,39287.0,8
0.0,0.0,0.0,1.0,0.0,0.0,0.0,0.0,0.0,1.0,41.0,50468.0,5
1.0,0.0,0.0,1.0,0.0,0.0,0.0,0.0,0.0,0.0,41.0,57048.0,7
0.0,0.0,1.0,1.0,0.0,0.0,0.0,0.0,0.0,0.0,36.0,50154.0,3
0.0,1.0,0.0,1.0,0.0,0.0,0.0,0.0,0.0,0.0,42.0,53359.0,6
0.0,1.0,0.0,1.0,0.0,0.0,0.0,0.0,0.0,0.0,44.0,48371.0,6
0.0,0.0,1.0,1.0,0.0,0.0,0.0,0.0,0.0,0.0,39.0,63805.0,3
1.0,0.0,0.0,1.0,0.0,0.0,0.0,0.0,0.0,0.0,61.0,52089.0,7
0.0,0.0,0.0,1.0,0.0,0.0,0.0,0.0,0.0,1.0,56.0,53684.0,5
0.0,0.0,0.0,1.0,0.0,0.0,0.0,0.0,0.0,1.0,21.0,21889.0,8
1.0,0.0,0.0,1.0,0.0,0.0,0.0,0.0,0.0,0.0,58.0,37484.0,7
0.0,0.0,0.0,1.0,0.0,0.0,0.0,0.0,0.0,1.0,59.0,54273.0,5
0.0,0.0,1.0,1.0,0.0,0.0,0.0,0.0,0.0,0.0,39.0,61673.0,3
1.0,0.0,0.0,1.0,0.0,0.0,0.0,0.0,0.0,0.0,22.0,20042.0,7
0.0,0.0,1.0,0.0,0.0,0.0,0.0,1.0,0.0,0.0,39.0,46443.0,10
0.0,0.0,1.0,0.0,0.0,0.0,0.0,1.0,0.0,0.0,24.0,20201.0,10
0.0,0.0,0.0,1.0,0.0,0.0,0.0,0.0,0.0,1.0,53.0,38013.0,5
0.0,0.0,0.0,1.0,0.0,0.0,0.0,0.0,1.0,0.0,42.0,60458.0,1
1.0,0.0,0.0,0.0,0.0,0.0,0.0,1.0,0.0,0.0,36.0,56926.0,4
0.0,0.0,0.0,2.0,0.0,0.0,0.0,0.0,0.0,0.0,34.0,36274.0,0
0.0,0.0,0.0,1.0,0.0,0.0,1.0,0.0,0.0,0.0,64.0,34917.0,9
0.0,1.0,0.0,1.0,0.0,0.0,0.0,0.0,0.0,0.0,60.0,35864.0,6
1.0,0.0,0.0,0.0,0.0,0.0,0.0,1.0,0.0,0.0,56.0,58098.0,4
0.0,0.0,0.0,0.0,0.0,0.0,0.0,1.0,1.0,0.0,27.0,30579.0,11
0.0,0.0,0.0,0.0,0.0,0.0,0.0,1.0,1.0,0.0,39.0,63116.0,11
0.0,0.0,0.0,1.0,0.0,0.0,0.0,0.0,0.0,1.0,23.0,26870.0,8
0.0,1.0,0.0,1.0,0.0,0.0,0.0,0.0,0.0,0.0,55.0,37356.0,6
0.0,0.0,0.0,2.0,0.0,0.0,0.0,0.0,0.0,0.0,60.0,40544.0,0
1.0,0.0,0.0,1.0,0.0,0.0,0.0,0.0,0.0,0.0,27.0,34067.0,7
0.0,0.0,1.0,1.0,0.0,0.0,0.0,0.0,0.0,0.0,40.0,58639.0,3
1.0,0.0,0.0,1.0,0.0,0.0,0.0,0.0,0.0,0.0,37.0,68602.0,7
0.0,0.0,0.0,1.0,0.0,0.0,0.0,0.0,0.0,1.0,59.0,40483.0,5
0.0,0.0,0.0,1.0,0.0,0.0,0.0,0.0,1.0,0.0,62.0,38888.0,1
1.0,0.0,0.0,0.0,0.0,0.0,0.0,1.0,0.0,0.0,60.0,57066.0,4
0.0,0.0,0.0,0.0,0.0,0.0,0.0,1.0,0.0,1.0,43.0,47552.0,2
1.0,0.0,0.0,1.0,0.0,0.0,0.0,0.0,0.0,0.0,26.0,39364.0,7
0.0,0.0,1.0,0.0,0.0,0.0,0.0,1.0,0.0,0.0,56.0,42216.0,10
0.0,1.0,0.0,1.0,0.0,0.0,0.0,0.0,0.0,0.0,63.0,33912.0,6
0.0,0.0,0.0,0.0,0.0,0.0,0.0,1.0,0.0,1.0,23.0,28225.0,2
0.0,0.0,0.0,1.0,0.0,0.0,0.0,0.0,0.0,1.0,37.0,67063.0,5
0.0,0.0,0.0,0.0,0.0,0.0,0.0,1.0,0.0,1.0,53.0,59554.0,2
0.0,0.0,0.0,2.0,0.0,0.0,0.0,0.0,0.0,0.0,42.0,46725.0,0
0.0,0.0,1.0,1.0,0.0,0.0,0.0,0.0,0.0,0.0,59.0,35876.0,3
0.0,0.0,0.0,1.0,0.0,0.0,0.0,1.0,0.0,0.0,39.0,52313.0,12
0.0,0.0,0.0,2.0,0.0,0.0,0.0,0.0,0.0,0.0,26.0,43178.0,0
1.0,0.0,0.0,0.0,0.0,0.0,0.0,1.0,0.0,0.0,60.0,46900.0,4
0.0,0.0,0.0,0.0,0.0,0.0,0.0,1.0,0.0,1.0,62.0,31504.0,2
0.0,0.0,0.0,2.0,0.0,0.0,0.0,0.0,0.0,0.0,65.0,43137.0,0
1.0,0.0,0.0,1.0,0.0,0.0,0.0,0.0,0.0,0.0,61.0,32258.0,7
0.0,0.0,0.0,1.0,0.0,0.0,1.0,0.0,0.0,0.0,51.0,58737.0,9
1.0,0.0,0.0,0.0,0.0,0.0,0.0,1.0,0.0,0.0,23.0,27620.0,4
0.0,0.0,0.0,1.0,0.0,0.0,1.0,0.0,0.0,0.0,59.0,58378.0,9
1.0,0.0,0.0,1.0,0.0,0.0,0.0,0.0,0.0,0.0,60.0,39250.0,7
0.0,0.0,0.0,1.0,0.0,0.0,0.0,0.0,0.0,1.0,41.0,47830.0,5
0.0,0.0,0.0,2.0,0.0,0.0,0.0,0.0,0.0,0.0,19.0,29061.0,0
1.0,0.0,0.0,1.0,0.0,0.0,0.0,0.0,0.0,0.0,41.0,59966.0,7
1.0,0.0,0.0,1.0,0.0,0.0,0.0,0.0,0.0,0.0,37.0,45261.0,7
0.0,0.0,0.0,2.0,0.0,0.0,0.0,0.0,0.0,0.0,29.0,36044.0,0
0.0,0.0,0.0,1.0,0.0,0.0,1.0,0.0,0.0,0.0,31.0,33287.0,9
1.0,0.0,0.0,0.0,0.0,0.0,0.0,1.0,0.0,0.0,39.0,54554.0,4
1.0,0.0,0.0,0.0,0.0,0.0,0.0,1.0,0.0,0.0,49.0,63474.0,4
0.0,0.0,0.0,1.0,0.0,0.0,0.0,0.0,0.0,1.0,30.0,42853.0,8
0.0,0.0,1.0,1.0,0.0,0.0,0.0,0.0,0.0,0.0,32.0,34979.0,3
0.0,0.0,0.0,0.0,0.0,0.0,0.0,1.0,1.0,0.0,27.0,40202.0,11
0.0,0.0,0.0,1.0,0.0,0.0,0.0,0.0,1.0,0.0,22.0,23974.0,1
0.0,0.0,0.0,1.0,0.0,0.0,0.0,0.0,0.0,1.0,36.0,60201.0,5
0.0,0.0,0.0,0.0,0.0,0.0,0.0,1.0,0.0,1.0,24.0,26033.0,2
0.0,0.0,0.0,1.0,0.0,0.0,1.0,0.0,0.0,0.0,50.0,49388.0,9
0.0,0.0,0.0,1.0,0.0,0.0,1.0,0.0,0.0,0.0,52.0,46166.0,9
1.0,0.0,0.0,1.0,0.0,0.0,0.0,0.0,0.0,0.0,65.0,55316.0,7
1.0,0.0,0.0,0.0,0.0,0.0,0.0,1.0,0.0,0.0,51.0,55424.0,4
0.0,0.0,0.0,0.0,0.0,0.0,0.0,1.0,0.0,1.0,20.0,23201.0,2
0.0,0.0,0.0,1.0,0.0,0.0,1.0,0.0,0.0,0.0,39.0,62909.0,9
1.0,0.0,0.0,1.0,0.0,0.0,0.0,0.0,0.0,0.0,57.0,54919.0,7
1.0,0.0,0.0,0.0,0.0,0.0,0.0,1.0,0.0,0.0,56.0,38032.0,4
0.0,0.0,0.0,1.0,0.0,0.0,1.0,0.0,0.0,0.0,19.0,46868.0,9
1.0,0.0,0.0,1.0,0.0,0.0,0.0,0.0,0.0,0.0,46.0,30396.0,7
0.0,0.0,1.0,1.0,0.0,0.0,0.0,0.0,0.0,0.0,53.0,72389.0,3
1.0,0.0,0.0,1.0,0.0,0.0,0.0,0.0,0.0,0.0,53.0,93759.0,7
0.0,0.0,0.0,1.0,0.0,0.0,0.0,1.0,0.0,0.0,33.0,54010.0,12
1.0,0.0,0.0,1.0,0.0,0.0,0.0,0.0,0.0,0.0,47.0,33258.0,7
0.0,0.0,0.0,1.0,0.0,0.0,0.0,0.0,1.0,0.0,32.0,12987.0,1
0.0,0.0,0.0,0.0,0.0,0.0,0.0,1.0,0.0,1.0,26.0,79523.0,2
0.0,0.0,1.0,1.0,0.0,0.0,0.0,0.0,0.0,0.0,30.0,64967.0,3
0.0,0.0,0.0,2.0,0.0,0.0,0.0,0.0,0.0,0.0,43.0,75415.0,0
1.0,0.0,0.0,0.0,0.0,0.0,0.0,1.0,0.0,0.0,61.0,27771.0,4
0.0,0.0,0.0,1.0,0.0,0.0,0.0,0.0,1.0,0.0,58.0,101876.0,1
0.0,0.0,1.0,1.0,0.0,0.0,0.0,0.0,0.0,0.0,59.0,77281.0,3
0.0,0.0,1.0,0.0,0.0,0.0,0.0,1.0,0.0,0.0,23.0,38320.0,10
0.0,0.0,1.0,1.0,0.0,0.0,0.0,0.0,0.0,0.0,34.0,22621.0,3
0.0,0.0,0.0,2.0,0.0,0.0,0.0,0.0,0.0,0.0,22.0,120009.0,0
0.0,0.0,0.0,1.0,0.0,0.0,0.0,0.0,1.0,0.0,30.0,53604.0,1
0.0,0.0,0.0,0.0,0.0,0.0,0.0,1.0,0.0,1.0,25.0,108395.0,2
0.0,0.0,0.0,1.0,0.0,0.0,1.0,0.0,0.0,0.0,20.0,36588.0,9
1.0,0.0,0.0,0.0,0.0,0.0,0.0,1.0,0.0,0.0,45.0,69135.0,4
0.0,0.0,0.0,1.0,0.0,0.0,1.0,0.0,0.0,0.0,64.0,52639.0,9
0.0,0.0,0.0,0.0,0.0,0.0,0.0,1.0,0.0,1.0,49.0,29322.0,2
0.0,0.0,1.0,1.0,0.0,0.0,0.0,0.0,0.0,0.0,42.0,87308.0,3
0.0,0.0,0.0,1.0,0.0,0.0,0.0,0.0,1.0,0.0,61.0,15263.0,1
1.0,0.0,0.0,1.0,0.0,0.0,0.0,0.0,0.0,0.0,45.0,93549.0,7
0.0,0.0,0.0,2.0,0.0,0.0,0.0,0.0,0.0,0.0,29.0,78453.0,0
0.0,0.0,1.0,1.0,0.0,0.0,0.0,0.0,0.0,0.0,40.0,37453.0,3
0.0,0.0,0.0,2.0,0.0,0.0,0.0,0.0,0.0,0.0,31.0,29451.0,0
0.0,0.0,1.0,1.0,0.0,0.0,0.0,0.0,0.0,0.0,29.0,99602.0,3
0.0,0.0,0.0,1.0,0.0,0.0,1.0,0.0,0.0,0.0,35.0,54592.0,9
0.0,0.0,0.0,1.0,0.0,0.0,1.0,0.0,0.0,0.0,35.0,108424.0,9
0.0,0.0,0.0,2.0,0.0,0.0,0.0,0.0,0.0,0.0,46.0,52180.0,0
0.0,0.0,0.0,0.0,0.0,0.0,0.0,1.0,1.0,0.0,27.0,29661.0,11
1.0,0.0,0.0,0.0,0.0,0.0,0.0,1.0,0.0,0.0,57.0,34406.0,4
1.0,0.0,0.0,0.0,0.0,0.0,0.0,1.0,0.0,0.0,57.0,98591.0,4
0.0,0.0,0.0,0.0,0.0,0.0,0.0,1.0,1.0,0.0,49.0,18124.0,11
0.0,1.0,0.0,1.0,0.0,0.0,0.0,0.0,0.0,0.0,48.0,53253.0,6
0.0,0.0,0.0,2.0,0.0,0.0,0.0,0.0,0.0,0.0,35.0,51183.0,0
0.0,0.0,0.0,1.0,0.0,0.0,0.0,0.0,0.0,1.0,42.0,24039.0,8
0.0,0.0,0.0,0.0,0.0,0.0,0.0,1.0,0.0,1.0,26.0,36544.0,2
0.0,0.0,1.0,1.0,0.0,0.0,0.0,0.0,0.0,0.0,44.0,96794.0,3
0.0,0.0,0.0,2.0,0.0,0.0,0.0,0.0,0.0,0.0,30.0,63883.0,0
1.0,0.0,0.0,1.0,0.0,0.0,0.0,0.0,0.0,0.0,59.0,59803.0,7
0.0,0.0,0.0,1.0,0.0,0.0,0.0,0.0,1.0,0.0,51.0,117290.0,1
0.0,0.0,0.0,1.0,0.0,0.0,0.0,0.0,0.0,1.0,42.0,79537.0,5
0.0,1.0,0.0,1.0,0.0,0.0,0.0,0.0,0.0,0.0,40.0,83799.0,6
0.0,0.0,0.0,2.0,0.0,0.0,0.0,0.0,0.0,0.0,48.0,87961.0,0
0.0,0.0,0.0,1.0,0.0,0.0,0.0,1.0,0.0,0.0,52.0,72271.0,12
0.0,0.0,0.0,1.0,0.0,0.0,0.0,0.0,1.0,0.0,40.0,23011.0,1
0.0,0.0,0.0,0.0,0.0,0.0,0.0,1.0,0.0,1.0,54.0,112996.0,2
0.0,0.0,0.0,1.0,0.0,0.0,0.0,0.0,1.0,0.0,35.0,50262.0,1
0.0,0.0,1.0,1.0,0.0,0.0,0.0,0.0,0.0,0.0,29.0,24288.0,3
1.0,0.0,0.0,0.0,0.0,0.0,0.0,1.0,0.0,0.0,38.0,11000.0,4
